variable,mean,median,p25,p75,min,max
energy,5.986404666666667,6.0,4.65,7.35,0.0,10.0
valence,4.993782666666666,4.99,3.51,6.49,0.0,10.0
danceability,5.97480711111111,5.99,4.64,7.3225,0.0,10.0
acousticness,4.039317555555556,3.98,2.3,5.69,0.0,10.0
instrumentalness,1.937173777777778,1.48,0.71,2.6725,0.0,10.0
tempo_bpm,119.88186666666667,120.0,103.0,137.0,60.0,200.0
song_length_sec,199.75924444444445,200.0,170.0,230.0,60.0,388.0
artist_prior_monthly_listeners,89400.55111111111,8000.0,1800.0,35500.0,100.0,50000000.0
featured_artist,0.22435555555555556,0.0,0.0,0.0,0.0,1.0
marketing_budget,1.5833322222222226,1.3,0.72,2.14,0.0,11.06
playlist_adds_first_month,4.631466666666666,3.0,2.0,6.0,0.0,53.0
editorial_playlist,0.13195555555555555,0.0,0.0,0.0,0.0,1.0
tiktok_virality,1.7845313333333335,1.32,0.61,2.46,0.0,14.75
first_month_streams,79645.85511111112,17670.0,5860.0,55232.5,50.0,46865260.0
halflife_days,73.25797777777778,51.0,29.0,91.0,5.0,900.0
streams_3yr,613049.9266666666,51500.0,13000.0,214400.0,100.0,613068200.0
slow_burner,0.09908888888888889,0.0,0.0,0.0,0.0,1.0
is_hit,0.1,0.0,0.0,0.0,0.0,1.0
