variable,group,post_release
energy,audio,False
valence,audio,False
danceability,audio,False
acousticness,audio,False
instrumentalness,audio,False
tempo_bpm,audio,False
song_length_sec,audio,False
artist_prior_monthly_listeners,artist,False
featured_artist,artist,False
label_tier,label,False
marketing_budget,distribution,False
playlist_adds_first_month,distribution,True
editorial_playlist,distribution,True
tiktok_virality,distribution,True
genre,genre,False
first_month_streams,outcome,True
halflife_days,outcome,False
streams_3yr,outcome,False
slow_burner,outcome,False
is_hit,outcome,False
