variable,scale,bin_left,bin_right,count,share
streams_3yr,log,100.0,147.8045214810384,74,0.0016444444444444445
streams_3yr,log,147.8045214810384,218.46176570238742,81,0.0018
streams_3yr,log,218.46176570238742,322.896367415441,112,0.002488888888888889
streams_3yr,log,322.896367415441,477.2554307380482,113,0.002511111111111111
streams_3yr,log,477.2554307380482,705.4051056446407,381,0.008466666666666667
streams_3yr,log,705.4051056446407,1042.6206409008746,370,0.008222222222222223
streams_3yr,log,1042.6206409008746,1541.0404491460733,667,0.014822222222222223
streams_3yr,log,1541.0404491460733,2277.727461689599,878,0.01951111111111111
streams_3yr,log,2277.727461689599,3366.5841753925138,1266,0.028133333333333333
streams_3yr,log,3366.5841753925138,4975.963630695267,1601,0.03557777777777778
streams_3yr,log,4975.963630695267,7354.699233419645,1995,0.044333333333333336
streams_3yr,log,7354.699233419645,10870.578008325505,2483,0.05517777777777778
streams_3yr,log,10870.578008325505,16067.205807428507,2779,0.06175555555555556
streams_3yr,log,16067.205807428507,23748.05665904332,3120,0.06933333333333333
streams_3yr,log,23748.05665904332,35100.70150594485,3244,0.07208888888888888
streams_3yr,log,35100.70150594485,51880.42389734943,3403,0.07562222222222222
streams_3yr,log,51880.42389734943,76681.61228381161,3351,0.07446666666666667
streams_3yr,log,76681.61228381161,113338.8901000329,3153,0.07006666666666667
streams_3yr,log,113338.8901000329,167520.00416427365,2951,0.06557777777777778
streams_3yr,log,167520.00416427365,247602.14054002028,2633,0.05851111111111111
streams_3yr,log,247602.14054002028,365967.15900198516,2287,0.05082222222222222
streams_3yr,log,365967.15900198516,540916.0081406351,1960,0.043555555555555556
streams_3yr,log,540916.0081406351,799498.3174466004,1542,0.03426666666666667
streams_3yr,log,799498.3174466004,1181694.6623509012,1203,0.026733333333333335
streams_3yr,log,1181694.6623509012,1746598.1410547218,974,0.021644444444444445
streams_3yr,log,1746598.1410547218,2581551.0245826435,712,0.015822222222222224
streams_3yr,log,2581551.0245826435,3815649.1386732203,533,0.011844444444444444
streams_3yr,log,3815649.1386732203,5639701.950811316,378,0.0084
streams_3yr,log,5639701.950811316,8335734.481353454,249,0.005533333333333334
streams_3yr,log,8335734.481353454,12320592.46209439,179,0.003977777777777778
streams_3yr,log,12320592.46209439,18210392.7322275,118,0.0026222222222222224
streams_3yr,log,18210392.7322275,26915783.837686654,87,0.0019333333333333333
streams_3yr,log,26915783.837686654,39782745.50416343,46,0.0010222222222222223
streams_3yr,log,39782745.50416343,58800696.624448076,30,0.0006666666666666666
streams_3yr,log,58800696.624448076,86910088.27328257,21,0.00046666666666666666
streams_3yr,log,86910088.27328257,128457040.09107338,17,0.00037777777777777777
streams_3yr,log,128457040.09107338,189865313.41531667,4,8.888888888888889e-05
streams_3yr,log,189865313.41531667,280629517.9519826,2,4.4444444444444447e-05
streams_3yr,log,280629517.9519826,414783116.1434726,2,4.4444444444444447e-05
streams_3yr,log,414783116.1434726,613068199.9999995,0,0.0
marketing_budget,linear,0.0,0.2765,3533,0.07851111111111111
marketing_budget,linear,0.2765,0.553,4564,0.10142222222222222
marketing_budget,linear,0.553,0.8295000000000001,5329,0.11842222222222222
marketing_budget,linear,0.8295000000000001,1.106,5634,0.1252
marketing_budget,linear,1.106,1.3825,4930,0.10955555555555556
marketing_budget,linear,1.3825,1.6590000000000003,4134,0.09186666666666667
marketing_budget,linear,1.6590000000000003,1.9355000000000002,3530,0.07844444444444444
marketing_budget,linear,1.9355000000000002,2.212,2827,0.06282222222222222
marketing_budget,linear,2.212,2.4885,2247,0.049933333333333337
marketing_budget,linear,2.4885,2.765,1766,0.03924444444444444
marketing_budget,linear,2.765,3.0415,1349,0.029977777777777777
marketing_budget,linear,3.0415,3.3180000000000005,1078,0.023955555555555556
marketing_budget,linear,3.3180000000000005,3.5945000000000005,952,0.021155555555555556
marketing_budget,linear,3.5945000000000005,3.8710000000000004,693,0.0154
marketing_budget,linear,3.8710000000000004,4.1475,538,0.011955555555555556
marketing_budget,linear,4.1475,4.424,428,0.00951111111111111
marketing_budget,linear,4.424,4.700500000000001,343,0.007622222222222222
marketing_budget,linear,4.700500000000001,4.977,233,0.005177777777777778
marketing_budget,linear,4.977,5.253500000000001,208,0.004622222222222222
marketing_budget,linear,5.253500000000001,5.53,150,0.0033333333333333335
marketing_budget,linear,5.53,5.806500000000001,126,0.0028
marketing_budget,linear,5.806500000000001,6.083,92,0.0020444444444444447
marketing_budget,linear,6.083,6.359500000000001,80,0.0017777777777777779
marketing_budget,linear,6.359500000000001,6.636000000000001,51,0.0011333333333333334
marketing_budget,linear,6.636000000000001,6.9125000000000005,44,0.0009777777777777777
marketing_budget,linear,6.9125000000000005,7.189000000000001,26,0.0005777777777777778
marketing_budget,linear,7.189000000000001,7.4655000000000005,34,0.0007555555555555555
marketing_budget,linear,7.4655000000000005,7.742000000000001,18,0.0004
marketing_budget,linear,7.742000000000001,8.018500000000001,19,0.0004222222222222222
marketing_budget,linear,8.018500000000001,8.295,10,0.00022222222222222223
marketing_budget,linear,8.295,8.5715,9,0.0002
marketing_budget,linear,8.5715,8.848,7,0.00015555555555555556
marketing_budget,linear,8.848,9.124500000000001,3,6.666666666666667e-05
marketing_budget,linear,9.124500000000001,9.401000000000002,4,8.888888888888889e-05
marketing_budget,linear,9.401000000000002,9.6775,3,6.666666666666667e-05
marketing_budget,linear,9.6775,9.954,4,8.888888888888889e-05
marketing_budget,linear,9.954,10.230500000000001,1,2.2222222222222223e-05
marketing_budget,linear,10.230500000000001,10.507000000000001,0,0.0
marketing_budget,linear,10.507000000000001,10.7835,2,4.4444444444444447e-05
marketing_budget,linear,10.7835,11.06,1,2.2222222222222223e-05
artist_prior_monthly_listeners,log,100.0,138.8270995073775,1610,0.035777777777777776
artist_prior_monthly_listeners,log,138.8270995073775,192.7296355763128,0,0.0
artist_prior_monthly_listeners,log,192.7296355763128,267.5609629617339,936,0.0208
artist_prior_monthly_listeners,log,267.5609629617339,371.4471242937834,922,0.02048888888888889
artist_prior_monthly_listeners,log,371.4471242937834,515.6692688606229,1531,0.034022222222222225
artist_prior_monthly_listeners,log,515.6692688606229,715.8886890101031,1249,0.027755555555555554
artist_prior_monthly_listeners,log,715.8886890101031,993.8475026541163,1158,0.025733333333333334
artist_prior_monthly_listeners,log,993.8475026541163,1379.729661461215,1927,0.04282222222222222
artist_prior_monthly_listeners,log,1379.729661461215,1915.438670049562,2287,0.05082222222222222
artist_prior_monthly_listeners,log,1915.438670049562,2659.147948472494,2112,0.046933333333333334
artist_prior_monthly_listeners,log,2659.147948472494,3691.6179684742974,2309,0.05131111111111111
artist_prior_monthly_listeners,log,3691.6179684742974,5124.966150526042,2754,0.0612
artist_prior_monthly_listeners,log,5124.966150526042,7114.841857510196,2791,0.06202222222222222
artist_prior_monthly_listeners,log,7114.841857510196,9877.328585318226,2654,0.058977777777777775
artist_prior_monthly_listeners,log,9877.328585318226,13712.408783810366,2590,0.057555555555555554
artist_prior_monthly_listeners,log,13712.408783810366,19036.53938715879,2497,0.055488888888888886
artist_prior_monthly_listeners,log,19036.53938715879,26427.87547777205,2414,0.053644444444444446
artist_prior_monthly_listeners,log,26427.87547777205,36689.05298721235,2214,0.0492
artist_prior_monthly_listeners,log,36689.05298721235,50934.348098871866,1975,0.04388888888888889
artist_prior_monthly_listeners,log,50934.348098871866,70710.67811865475,1713,0.038066666666666665
artist_prior_monthly_listeners,log,70710.67811865475,98165.58347412625,1514,0.03364444444444444
artist_prior_monthly_listeners,log,98165.58347412625,136280.432251623,1296,0.0288
artist_prior_monthly_listeners,log,136280.432251623,189194.17129104448,1098,0.0244
artist_prior_monthly_listeners,log,189194.17129104448,262652.78044037713,884,0.019644444444444444
artist_prior_monthly_listeners,log,262652.78044037713,364633.2368608554,673,0.014955555555555555
artist_prior_monthly_listeners,log,364633.2368608554,506209.7465737913,539,0.011977777777777778
artist_prior_monthly_listeners,log,506209.7465737913,702756.3085920409,388,0.008622222222222222
artist_prior_monthly_listeners,log,702756.3085920409,975616.1998234456,300,0.006666666666666667
artist_prior_monthly_listeners,log,975616.1998234456,1354419.67253899,214,0.004755555555555555
artist_prior_monthly_listeners,log,1354419.67253899,1880301.5465431965,145,0.0032222222222222222
artist_prior_monthly_listeners,log,1880301.5465431965,2610368.099058282,110,0.0024444444444444444
artist_prior_monthly_listeners,log,2610368.099058282,3623898.31838848,74,0.0016444444444444445
artist_prior_monthly_listeners,log,3623898.31838848,5030952.924515356,55,0.0012222222222222222
artist_prior_monthly_listeners,log,5030952.924515356,6984326.022686253,22,0.0004888888888888889
artist_prior_monthly_listeners,log,6984326.022686253,9696137.237434287,15,0.0003333333333333333
artist_prior_monthly_listeners,log,9696137.237434287,13460866.090984784,16,0.00035555555555555557
artist_prior_monthly_listeners,log,13460866.090984784,18687329.962686285,5,0.00011111111111111112
artist_prior_monthly_listeners,log,18687329.962686285,25943078.162570465,2,4.4444444444444447e-05
artist_prior_monthly_listeners,log,25943078.162570465,36016022.93602843,3,6.666666666666667e-05
artist_prior_monthly_listeners,log,36016022.93602843,49999999.99999999,2,4.4444444444444447e-05
halflife_days,linear,5.0,27.375,10391,0.23091111111111112
halflife_days,linear,27.375,49.75,11293,0.25095555555555554
halflife_days,linear,49.75,72.125,7958,0.17684444444444444
halflife_days,linear,72.125,94.5,4832,0.10737777777777778
halflife_days,linear,94.5,116.875,3155,0.07011111111111111
halflife_days,linear,116.875,139.25,2116,0.04702222222222222
halflife_days,linear,139.25,161.625,1404,0.0312
halflife_days,linear,161.625,184.0,977,0.02171111111111111
halflife_days,linear,184.0,206.375,659,0.014644444444444444
halflife_days,linear,206.375,228.75,480,0.010666666666666666
halflife_days,linear,228.75,251.125,387,0.0086
halflife_days,linear,251.125,273.5,276,0.0061333333333333335
halflife_days,linear,273.5,295.875,197,0.004377777777777778
halflife_days,linear,295.875,318.25,166,0.0036888888888888887
halflife_days,linear,318.25,340.625,117,0.0026
halflife_days,linear,340.625,363.0,98,0.0021777777777777776
halflife_days,linear,363.0,385.375,77,0.0017111111111111112
halflife_days,linear,385.375,407.75,70,0.0015555555555555555
halflife_days,linear,407.75,430.125,51,0.0011333333333333334
halflife_days,linear,430.125,452.5,56,0.0012444444444444445
halflife_days,linear,452.5,474.875,35,0.0007777777777777777
halflife_days,linear,474.875,497.25,32,0.0007111111111111111
halflife_days,linear,497.25,519.625,26,0.0005777777777777778
halflife_days,linear,519.625,542.0,13,0.0002888888888888889
halflife_days,linear,542.0,564.375,15,0.0003333333333333333
halflife_days,linear,564.375,586.75,12,0.0002666666666666667
halflife_days,linear,586.75,609.125,19,0.0004222222222222222
halflife_days,linear,609.125,631.5,7,0.00015555555555555556
halflife_days,linear,631.5,653.875,8,0.00017777777777777779
halflife_days,linear,653.875,676.25,8,0.00017777777777777779
halflife_days,linear,676.25,698.625,10,0.00022222222222222223
halflife_days,linear,698.625,721.0,4,8.888888888888889e-05
halflife_days,linear,721.0,743.375,6,0.00013333333333333334
halflife_days,linear,743.375,765.75,4,8.888888888888889e-05
halflife_days,linear,765.75,788.125,3,6.666666666666667e-05
halflife_days,linear,788.125,810.5,7,0.00015555555555555556
halflife_days,linear,810.5,832.875,3,6.666666666666667e-05
halflife_days,linear,832.875,855.25,5,0.00011111111111111112
halflife_days,linear,855.25,877.625,3,6.666666666666667e-05
halflife_days,linear,877.625,900.0,20,0.00044444444444444447
tiktok_virality,linear,0.0,0.36875,6577,0.14615555555555557
tiktok_virality,linear,0.36875,0.7375,6914,0.15364444444444444
tiktok_virality,linear,0.7375,1.1062500000000002,5937,0.13193333333333335
tiktok_virality,linear,1.1062500000000002,1.475,5016,0.11146666666666667
tiktok_virality,linear,1.475,1.84375,4169,0.09264444444444445
tiktok_virality,linear,1.84375,2.2125000000000004,3249,0.0722
tiktok_virality,linear,2.2125000000000004,2.5812500000000003,2768,0.061511111111111114
tiktok_virality,linear,2.5812500000000003,2.95,2031,0.04513333333333333
tiktok_virality,linear,2.95,3.31875,1747,0.03882222222222222
tiktok_virality,linear,3.31875,3.6875,1391,0.03091111111111111
tiktok_virality,linear,3.6875,4.05625,1062,0.0236
tiktok_virality,linear,4.05625,4.425000000000001,889,0.019755555555555554
tiktok_virality,linear,4.425000000000001,4.79375,692,0.015377777777777778
tiktok_virality,linear,4.79375,5.1625000000000005,505,0.011222222222222222
tiktok_virality,linear,5.1625000000000005,5.53125,424,0.009422222222222222
tiktok_virality,linear,5.53125,5.9,353,0.007844444444444444
tiktok_virality,linear,5.9,6.268750000000001,279,0.0062
tiktok_virality,linear,6.268750000000001,6.6375,167,0.003711111111111111
tiktok_virality,linear,6.6375,7.0062500000000005,173,0.0038444444444444446
tiktok_virality,linear,7.0062500000000005,7.375,122,0.002711111111111111
tiktok_virality,linear,7.375,7.74375,113,0.002511111111111111
tiktok_virality,linear,7.74375,8.1125,102,0.002266666666666667
tiktok_virality,linear,8.1125,8.481250000000001,80,0.0017777777777777779
tiktok_virality,linear,8.481250000000001,8.850000000000001,52,0.0011555555555555555
tiktok_virality,linear,8.850000000000001,9.21875,44,0.0009777777777777777
tiktok_virality,linear,9.21875,9.5875,40,0.0008888888888888889
tiktok_virality,linear,9.5875,9.95625,17,0.00037777777777777777
tiktok_virality,linear,9.95625,10.325000000000001,17,0.00037777777777777777
tiktok_virality,linear,10.325000000000001,10.693750000000001,11,0.00024444444444444443
tiktok_virality,linear,10.693750000000001,11.0625,15,0.0003333333333333333
tiktok_virality,linear,11.0625,11.43125,11,0.00024444444444444443
tiktok_virality,linear,11.43125,11.8,8,0.00017777777777777779
tiktok_virality,linear,11.8,12.168750000000001,7,0.00015555555555555556
tiktok_virality,linear,12.168750000000001,12.537500000000001,5,0.00011111111111111112
tiktok_virality,linear,12.537500000000001,12.90625,6,0.00013333333333333334
tiktok_virality,linear,12.90625,13.275,1,2.2222222222222223e-05
tiktok_virality,linear,13.275,13.64375,1,2.2222222222222223e-05
tiktok_virality,linear,13.64375,14.012500000000001,2,4.4444444444444447e-05
tiktok_virality,linear,14.012500000000001,14.381250000000001,2,4.4444444444444447e-05
tiktok_virality,linear,14.381250000000001,14.75,1,2.2222222222222223e-05
energy,linear,0.0,0.25,91,0.002022222222222222
energy,linear,0.25,0.5,42,0.0009333333333333333
energy,linear,0.5,0.75,55,0.0012222222222222222
energy,linear,0.75,1.0,80,0.0017777777777777779
energy,linear,1.0,1.25,124,0.0027555555555555554
energy,linear,1.25,1.5,142,0.0031555555555555555
energy,linear,1.5,1.75,196,0.004355555555555555
energy,linear,1.75,2.0,265,0.005888888888888889
energy,linear,2.0,2.25,352,0.007822222222222222
energy,linear,2.25,2.5,422,0.009377777777777778
energy,linear,2.5,2.75,574,0.012755555555555555
energy,linear,2.75,3.0,621,0.0138
energy,linear,3.0,3.25,817,0.018155555555555557
energy,linear,3.25,3.5,955,0.021222222222222222
energy,linear,3.5,3.75,1114,0.024755555555555555
energy,linear,3.75,4.0,1290,0.028666666666666667
energy,linear,4.0,4.25,1428,0.031733333333333336
energy,linear,4.25,4.5,1572,0.03493333333333333
energy,linear,4.5,4.75,1741,0.03868888888888889
energy,linear,4.75,5.0,1884,0.04186666666666667
energy,linear,5.0,5.25,2132,0.047377777777777776
energy,linear,5.25,5.5,2096,0.04657777777777778
energy,linear,5.5,5.75,2280,0.050666666666666665
energy,linear,5.75,6.0,2213,0.04917777777777778
energy,linear,6.0,6.25,2321,0.05157777777777778
energy,linear,6.25,6.5,2169,0.0482
energy,linear,6.5,6.75,2156,0.04791111111111111
energy,linear,6.75,7.0,2025,0.045
energy,linear,7.0,7.25,1858,0.04128888888888889
energy,linear,7.25,7.5,1701,0.0378
energy,linear,7.5,7.75,1555,0.034555555555555555
energy,linear,7.75,8.0,1520,0.033777777777777775
energy,linear,8.0,8.25,1260,0.028
energy,linear,8.25,8.5,1113,0.024733333333333333
energy,linear,8.5,8.75,918,0.0204
energy,linear,8.75,9.0,841,0.01868888888888889
energy,linear,9.0,9.25,645,0.014333333333333333
energy,linear,9.25,9.5,546,0.012133333333333333
energy,linear,9.5,9.75,427,0.009488888888888889
energy,linear,9.75,10.0,1459,0.03242222222222222
valence,linear,0.0,0.25,694,0.015422222222222223
valence,linear,0.25,0.5,230,0.005111111111111111
valence,linear,0.5,0.75,275,0.006111111111111111
valence,linear,0.75,1.0,366,0.008133333333333333
valence,linear,1.0,1.25,435,0.009666666666666667
valence,linear,1.25,1.5,547,0.012155555555555555
valence,linear,1.5,1.75,639,0.0142
valence,linear,1.75,2.0,755,0.016777777777777777
valence,linear,2.0,2.25,830,0.018444444444444444
valence,linear,2.25,2.5,984,0.021866666666666666
valence,linear,2.5,2.75,1116,0.0248
valence,linear,2.75,3.0,1246,0.027688888888888888
valence,linear,3.0,3.25,1449,0.0322
valence,linear,3.25,3.5,1599,0.03553333333333333
valence,linear,3.5,3.75,1655,0.03677777777777778
valence,linear,3.75,4.0,1778,0.03951111111111111
valence,linear,4.0,4.25,1879,0.04175555555555555
valence,linear,4.25,4.5,2010,0.04466666666666667
valence,linear,4.5,4.75,2029,0.04508888888888889
valence,linear,4.75,5.0,2042,0.04537777777777778
valence,linear,5.0,5.25,2084,0.04631111111111111
valence,linear,5.25,5.5,1894,0.04208888888888889
valence,linear,5.5,5.75,1981,0.04402222222222222
valence,linear,5.75,6.0,1884,0.04186666666666667
valence,linear,6.0,6.25,1781,0.03957777777777778
valence,linear,6.25,6.5,1631,0.03624444444444445
valence,linear,6.5,6.75,1551,0.034466666666666666
valence,linear,6.75,7.0,1455,0.03233333333333333
valence,linear,7.0,7.25,1252,0.027822222222222224
valence,linear,7.25,7.5,1199,0.026644444444444443
valence,linear,7.5,7.75,997,0.022155555555555557
valence,linear,7.75,8.0,829,0.018422222222222222
valence,linear,8.0,8.25,733,0.016288888888888887
valence,linear,8.25,8.5,614,0.013644444444444445
valence,linear,8.5,8.75,599,0.01331111111111111
valence,linear,8.75,9.0,415,0.009222222222222222
valence,linear,9.0,9.25,353,0.007844444444444444
valence,linear,9.25,9.5,296,0.006577777777777778
valence,linear,9.5,9.75,197,0.004377777777777778
valence,linear,9.75,10.0,697,0.015488888888888889
danceability,linear,0.0,0.25,95,0.002111111111111111
danceability,linear,0.25,0.5,40,0.0008888888888888889
danceability,linear,0.5,0.75,56,0.0012444444444444445
danceability,linear,0.75,1.0,71,0.0015777777777777778
danceability,linear,1.0,1.25,126,0.0028
danceability,linear,1.25,1.5,151,0.0033555555555555556
danceability,linear,1.5,1.75,199,0.004422222222222222
danceability,linear,1.75,2.0,249,0.005533333333333334
danceability,linear,2.0,2.25,340,0.007555555555555556
danceability,linear,2.25,2.5,436,0.00968888888888889
danceability,linear,2.5,2.75,503,0.011177777777777778
danceability,linear,2.75,3.0,657,0.0146
danceability,linear,3.0,3.25,775,0.017222222222222222
danceability,linear,3.25,3.5,962,0.021377777777777777
danceability,linear,3.5,3.75,1186,0.026355555555555556
danceability,linear,3.75,4.0,1337,0.029711111111111112
danceability,linear,4.0,4.25,1502,0.03337777777777778
danceability,linear,4.25,4.5,1551,0.034466666666666666
danceability,linear,4.5,4.75,1798,0.03995555555555556
danceability,linear,4.75,5.0,1902,0.04226666666666667
danceability,linear,5.0,5.25,2061,0.0458
danceability,linear,5.25,5.5,2050,0.04555555555555556
danceability,linear,5.5,5.75,2257,0.05015555555555556
danceability,linear,5.75,6.0,2235,0.049666666666666665
danceability,linear,6.0,6.25,2174,0.04831111111111111
danceability,linear,6.25,6.5,2274,0.05053333333333333
danceability,linear,6.5,6.75,2138,0.04751111111111111
danceability,linear,6.75,7.0,2100,0.04666666666666667
danceability,linear,7.0,7.25,1932,0.04293333333333333
danceability,linear,7.25,7.5,1751,0.03891111111111111
danceability,linear,7.5,7.75,1584,0.0352
danceability,linear,7.75,8.0,1423,0.031622222222222225
danceability,linear,8.0,8.25,1253,0.027844444444444446
danceability,linear,8.25,8.5,1121,0.02491111111111111
danceability,linear,8.5,8.75,979,0.021755555555555556
danceability,linear,8.75,9.0,788,0.017511111111111113
danceability,linear,9.0,9.25,639,0.0142
danceability,linear,9.25,9.5,547,0.012155555555555555
danceability,linear,9.5,9.75,437,0.009711111111111111
danceability,linear,9.75,10.0,1321,0.029355555555555555
acousticness,linear,0.0,0.25,3022,0.06715555555555555
acousticness,linear,0.25,0.5,620,0.013777777777777778
acousticness,linear,0.5,0.75,734,0.01631111111111111
acousticness,linear,0.75,1.0,840,0.018666666666666668
acousticness,linear,1.0,1.25,1003,0.02228888888888889
acousticness,linear,1.25,1.5,1101,0.024466666666666668
acousticness,linear,1.5,1.75,1097,0.02437777777777778
acousticness,linear,1.75,2.0,1241,0.027577777777777777
acousticness,linear,2.0,2.25,1320,0.029333333333333333
acousticness,linear,2.25,2.5,1446,0.03213333333333333
acousticness,linear,2.5,2.75,1500,0.03333333333333333
acousticness,linear,2.75,3.0,1624,0.036088888888888886
acousticness,linear,3.0,3.25,1708,0.037955555555555555
acousticness,linear,3.25,3.5,1764,0.0392
acousticness,linear,3.5,3.75,1784,0.03964444444444445
acousticness,linear,3.75,4.0,1803,0.04006666666666667
acousticness,linear,4.0,4.25,1763,0.03917777777777778
acousticness,linear,4.25,4.5,1710,0.038
acousticness,linear,4.5,4.75,1792,0.039822222222222224
acousticness,linear,4.75,5.0,1697,0.03771111111111111
acousticness,linear,5.0,5.25,1600,0.035555555555555556
acousticness,linear,5.25,5.5,1515,0.033666666666666664
acousticness,linear,5.5,5.75,1376,0.030577777777777777
acousticness,linear,5.75,6.0,1368,0.0304
acousticness,linear,6.0,6.25,1268,0.028177777777777777
acousticness,linear,6.25,6.5,1126,0.025022222222222223
acousticness,linear,6.5,6.75,1041,0.023133333333333332
acousticness,linear,6.75,7.0,932,0.02071111111111111
acousticness,linear,7.0,7.25,805,0.017888888888888888
acousticness,linear,7.25,7.5,720,0.016
acousticness,linear,7.5,7.75,665,0.014777777777777779
acousticness,linear,7.75,8.0,536,0.011911111111111112
acousticness,linear,8.0,8.25,467,0.010377777777777777
acousticness,linear,8.25,8.5,390,0.008666666666666666
acousticness,linear,8.5,8.75,347,0.007711111111111111
acousticness,linear,8.75,9.0,287,0.006377777777777777
acousticness,linear,9.0,9.25,210,0.004666666666666667
acousticness,linear,9.25,9.5,190,0.004222222222222222
acousticness,linear,9.5,9.75,130,0.0028888888888888888
acousticness,linear,9.75,10.0,458,0.010177777777777779
instrumentalness,linear,0.0,0.25,3421,0.07602222222222223
instrumentalness,linear,0.25,0.5,4167,0.0926
instrumentalness,linear,0.5,0.75,4233,0.09406666666666667
instrumentalness,linear,0.75,1.0,4058,0.09017777777777777
instrumentalness,linear,1.0,1.25,3606,0.08013333333333333
instrumentalness,linear,1.25,1.5,3243,0.07206666666666667
instrumentalness,linear,1.5,1.75,2958,0.06573333333333334
instrumentalness,linear,1.75,2.0,2643,0.05873333333333333
instrumentalness,linear,2.0,2.25,2277,0.0506
instrumentalness,linear,2.25,2.5,1918,0.04262222222222222
instrumentalness,linear,2.5,2.75,1675,0.03722222222222222
instrumentalness,linear,2.75,3.0,1508,0.03351111111111111
instrumentalness,linear,3.0,3.25,1302,0.028933333333333332
instrumentalness,linear,3.25,3.5,1147,0.025488888888888887
instrumentalness,linear,3.5,3.75,972,0.0216
instrumentalness,linear,3.75,4.0,800,0.017777777777777778
instrumentalness,linear,4.0,4.25,745,0.016555555555555556
instrumentalness,linear,4.25,4.5,620,0.013777777777777778
instrumentalness,linear,4.5,4.75,508,0.011288888888888888
instrumentalness,linear,4.75,5.0,503,0.011177777777777778
instrumentalness,linear,5.0,5.25,347,0.007711111111111111
instrumentalness,linear,5.25,5.5,342,0.0076
instrumentalness,linear,5.5,5.75,272,0.006044444444444444
instrumentalness,linear,5.75,6.0,238,0.005288888888888889
instrumentalness,linear,6.0,6.25,230,0.005111111111111111
instrumentalness,linear,6.25,6.5,186,0.0041333333333333335
instrumentalness,linear,6.5,6.75,156,0.0034666666666666665
instrumentalness,linear,6.75,7.0,128,0.0028444444444444446
instrumentalness,linear,7.0,7.25,119,0.0026444444444444445
instrumentalness,linear,7.25,7.5,95,0.002111111111111111
instrumentalness,linear,7.5,7.75,85,0.001888888888888889
instrumentalness,linear,7.75,8.0,71,0.0015777777777777778
instrumentalness,linear,8.0,8.25,67,0.001488888888888889
instrumentalness,linear,8.25,8.5,62,0.0013777777777777777
instrumentalness,linear,8.5,8.75,38,0.0008444444444444444
instrumentalness,linear,8.75,9.0,34,0.0007555555555555555
instrumentalness,linear,9.0,9.25,32,0.0007111111111111111
instrumentalness,linear,9.25,9.5,31,0.0006888888888888888
instrumentalness,linear,9.5,9.75,33,0.0007333333333333333
instrumentalness,linear,9.75,10.0,130,0.0028888888888888888
tempo_bpm,linear,60.0,63.5,558,0.0124
tempo_bpm,linear,63.5,67.0,198,0.0044
tempo_bpm,linear,67.0,70.5,364,0.008088888888888889
tempo_bpm,linear,70.5,74.0,363,0.008066666666666666
tempo_bpm,linear,74.0,77.5,600,0.013333333333333334
tempo_bpm,linear,77.5,81.0,583,0.012955555555555555
tempo_bpm,linear,81.0,84.5,914,0.02031111111111111
tempo_bpm,linear,84.5,88.0,840,0.018666666666666668
tempo_bpm,linear,88.0,91.5,1373,0.03051111111111111
tempo_bpm,linear,91.5,95.0,1215,0.027
tempo_bpm,linear,95.0,98.5,1836,0.0408
tempo_bpm,linear,98.5,102.0,1637,0.03637777777777778
tempo_bpm,linear,102.0,105.5,2243,0.04984444444444444
tempo_bpm,linear,105.5,109.0,1872,0.0416
tempo_bpm,linear,109.0,112.5,2635,0.058555555555555555
tempo_bpm,linear,112.5,116.0,2152,0.047822222222222224
tempo_bpm,linear,116.0,119.5,2939,0.06531111111111111
tempo_bpm,linear,119.5,123.0,2115,0.047
tempo_bpm,linear,123.0,126.5,2810,0.06244444444444444
tempo_bpm,linear,126.5,130.0,2060,0.04577777777777778
tempo_bpm,linear,130.0,133.5,2528,0.05617777777777778
tempo_bpm,linear,133.5,137.0,1828,0.04062222222222222
tempo_bpm,linear,137.0,140.5,2151,0.0478
tempo_bpm,linear,140.5,144.0,1476,0.0328
tempo_bpm,linear,144.0,147.5,1700,0.03777777777777778
tempo_bpm,linear,147.5,151.0,1004,0.02231111111111111
tempo_bpm,linear,151.0,154.5,1235,0.027444444444444445
tempo_bpm,linear,154.5,158.0,797,0.01771111111111111
tempo_bpm,linear,158.0,161.5,780,0.017333333333333333
tempo_bpm,linear,161.5,165.0,481,0.010688888888888888
tempo_bpm,linear,165.0,168.5,529,0.011755555555555556
tempo_bpm,linear,168.5,172.0,285,0.006333333333333333
tempo_bpm,linear,172.0,175.5,314,0.006977777777777778
tempo_bpm,linear,175.5,179.0,151,0.0033555555555555556
tempo_bpm,linear,179.0,182.5,159,0.003533333333333333
tempo_bpm,linear,182.5,186.0,84,0.0018666666666666666
tempo_bpm,linear,186.0,189.5,71,0.0015777777777777778
tempo_bpm,linear,189.5,193.0,38,0.0008444444444444444
tempo_bpm,linear,193.0,196.5,34,0.0007555555555555555
tempo_bpm,linear,196.5,200.0,48,0.0010666666666666667
song_length_sec,linear,60.0,68.2,76,0.0016888888888888889
song_length_sec,linear,68.2,76.4,67,0.001488888888888889
song_length_sec,linear,76.4,84.6,96,0.0021333333333333334
song_length_sec,linear,84.6,92.8,159,0.003533333333333333
song_length_sec,linear,92.8,101.0,223,0.004955555555555556
song_length_sec,linear,101.0,109.19999999999999,382,0.00848888888888889
song_length_sec,linear,109.19999999999999,117.39999999999999,533,0.011844444444444444
song_length_sec,linear,117.39999999999999,125.6,699,0.015533333333333333
song_length_sec,linear,125.6,133.8,954,0.0212
song_length_sec,linear,133.8,142.0,1215,0.027
song_length_sec,linear,142.0,150.2,1766,0.03924444444444444
song_length_sec,linear,150.2,158.39999999999998,1864,0.04142222222222222
song_length_sec,linear,158.39999999999998,166.6,2289,0.050866666666666664
song_length_sec,linear,166.6,174.79999999999998,2613,0.05806666666666667
song_length_sec,linear,174.79999999999998,183.0,2853,0.0634
song_length_sec,linear,183.0,191.2,3447,0.0766
song_length_sec,linear,191.2,199.39999999999998,3229,0.07175555555555556
song_length_sec,linear,199.39999999999998,207.6,3188,0.07084444444444445
song_length_sec,linear,207.6,215.79999999999998,2995,0.06655555555555556
song_length_sec,linear,215.79999999999998,224.0,2944,0.06542222222222223
song_length_sec,linear,224.0,232.2,2888,0.06417777777777778
song_length_sec,linear,232.2,240.39999999999998,2300,0.051111111111111114
song_length_sec,linear,240.39999999999998,248.6,1879,0.04175555555555555
song_length_sec,linear,248.6,256.79999999999995,1605,0.035666666666666666
song_length_sec,linear,256.79999999999995,265.0,1348,0.029955555555555555
song_length_sec,linear,265.0,273.2,1105,0.024555555555555556
song_length_sec,linear,273.2,281.4,715,0.01588888888888889
song_length_sec,linear,281.4,289.59999999999997,544,0.012088888888888889
song_length_sec,linear,289.59999999999997,297.79999999999995,342,0.0076
song_length_sec,linear,297.79999999999995,306.0,250,0.005555555555555556
song_length_sec,linear,306.0,314.2,175,0.0038888888888888888
song_length_sec,linear,314.2,322.4,99,0.0022
song_length_sec,linear,322.4,330.59999999999997,72,0.0016
song_length_sec,linear,330.59999999999997,338.79999999999995,40,0.0008888888888888889
song_length_sec,linear,338.79999999999995,347.0,23,0.0005111111111111112
song_length_sec,linear,347.0,355.2,10,0.00022222222222222223
song_length_sec,linear,355.2,363.4,7,0.00015555555555555556
song_length_sec,linear,363.4,371.59999999999997,4,8.888888888888889e-05
song_length_sec,linear,371.59999999999997,379.79999999999995,1,2.2222222222222223e-05
song_length_sec,linear,379.79999999999995,388.0,1,2.2222222222222223e-05
