audio_feature,audio_level,audio_value,marketing_budget,predicted_streams_3yr
energy,Low (25th percentile),4.65,0.06,20069.430572420824
energy,Low (25th percentile),4.65,0.11696969696969697,20402.39033982753
energy,Low (25th percentile),4.65,0.17393939393939395,20740.802191505853
energy,Low (25th percentile),4.65,0.23090909090909092,21084.7542011556
energy,Low (25th percentile),4.65,0.2878787878787879,21434.335845289614
energy,Low (25th percentile),4.65,0.3448484848484849,21789.638025250777
energy,Low (25th percentile),4.65,0.40181818181818185,22150.753089569233
energy,Low (25th percentile),4.65,0.4587878787878788,22517.77485666501
energy,Low (25th percentile),4.65,0.5157575757575759,22890.79863790151
energy,Low (25th percentile),4.65,0.5727272727272728,23269.92126099478
energy,Low (25th percentile),4.65,0.6296969696969699,23655.24109378439
energy,Low (25th percentile),4.65,0.6866666666666668,24046.85806837115
energy,Low (25th percentile),4.65,0.7436363636363637,24444.873705627506
energy,Low (25th percentile),4.65,0.8006060606060608,24849.391140085878
energy,Low (25th percentile),4.65,0.8575757575757577,25260.515145210848
energy,Low (25th percentile),4.65,0.9145454545454546,25678.35215906145
energy,Low (25th percentile),4.65,0.9715151515151517,26103.010310348836
energy,Low (25th percentile),4.65,1.0284848484848486,26534.5994448954
energy,Low (25th percentile),4.65,1.0854545454545457,26973.231152501965
energy,Low (25th percentile),4.65,1.1424242424242426,27419.018794228858
energy,Low (25th percentile),4.65,1.1993939393939397,27872.077530096933
energy,Low (25th percentile),4.65,1.2563636363636366,28332.524347215345
energy,Low (25th percentile),4.65,1.3133333333333335,28800.47808834221
energy,Low (25th percentile),4.65,1.3703030303030306,29276.059480885157
energy,Low (25th percentile),4.65,1.4272727272727275,29759.39116634742
energy,Low (25th percentile),4.65,1.4842424242424244,30250.597730228026
energy,Low (25th percentile),4.65,1.5412121212121215,30749.80573238036
energy,Low (25th percentile),4.65,1.5981818181818184,31257.14373783914
energy,Low (25th percentile),4.65,1.6551515151515153,31772.74234811981
energy,Low (25th percentile),4.65,1.7121212121212124,32296.734233000032
energy,Low (25th percentile),4.65,1.7690909090909093,32829.25416278884
energy,Low (25th percentile),4.65,1.8260606060606064,33370.43904109174
energy,Low (25th percentile),4.65,1.8830303030303033,33920.4279380789
energy,Low (25th percentile),4.65,1.9400000000000002,34479.36212426412
energy,Low (25th percentile),4.65,1.9969696969696973,35047.38510480252
energy,Low (25th percentile),4.65,2.053939393939394,35624.642654313946
energy,Low (25th percentile),4.65,2.1109090909090913,36211.282852241355
energy,Low (25th percentile),4.65,2.167878787878788,36807.45611875124
energy,Low (25th percentile),4.65,2.224848484848485,37413.31525118411
energy,Low (25th percentile),4.65,2.281818181818182,38029.01546106475
energy,Low (25th percentile),4.65,2.3387878787878793,38654.71441167862
energy,Low (25th percentile),4.65,2.395757575757576,39290.57225622507
energy,Low (25th percentile),4.65,2.452727272727273,39936.75167655419
energy,Low (25th percentile),4.65,2.50969696969697,40593.4179224977
energy,Low (25th percentile),4.65,2.566666666666667,41260.738851801114
energy,Low (25th percentile),4.65,2.623636363636364,41938.884970668354
energy,Low (25th percentile),4.65,2.680606060606061,42628.02947492562
energy,Low (25th percentile),4.65,2.7375757575757578,43328.34829181625
energy,Low (25th percentile),4.65,2.794545454545455,44040.02012243397
energy,Low (25th percentile),4.65,2.851515151515152,44763.22648480577
energy,Low (25th percentile),4.65,2.9084848484848487,45498.151757633015
energy,Low (25th percentile),4.65,2.965454545454546,46244.983224700976
energy,Low (25th percentile),4.65,3.022424242424243,47003.911119968136
energy,Low (25th percentile),4.65,3.0793939393939396,47775.12867334277
energy,Low (25th percentile),4.65,3.1363636363636367,48558.83215715976
energy,Low (25th percentile),4.65,3.193333333333334,49355.22093336713
energy,Low (25th percentile),4.65,3.2503030303030305,50164.49750143235
energy,Low (25th percentile),4.65,3.3072727272727276,50986.86754698029
energy,Low (25th percentile),4.65,3.3642424242424247,51822.539991173166
energy,Low (25th percentile),4.65,3.421212121212122,52671.72704084382
energy,Low (25th percentile),4.65,3.4781818181818185,53534.644239393434
energy,Low (25th percentile),4.65,3.5351515151515156,54411.510518466195
energy,Low (25th percentile),4.65,3.5921212121212127,55302.54825040973
energy,Low (25th percentile),4.65,3.6490909090909094,56207.98330153733
energy,Low (25th percentile),4.65,3.7060606060606065,57128.04508620002
energy,Low (25th percentile),4.65,3.7630303030303036,58062.966621683285
energy,Low (25th percentile),4.65,3.8200000000000003,59012.984583939135
energy,Low (25th percentile),4.65,3.8769696969696974,59978.33936416709
energy,Low (25th percentile),4.65,3.9339393939393945,60959.27512625581
energy,Low (25th percentile),4.65,3.990909090909091,61956.03986510027
energy,Low (25th percentile),4.65,4.047878787878788,62968.885465804015
energy,Low (25th percentile),4.65,4.1048484848484845,63998.06776378389
energy,Low (25th percentile),4.65,4.161818181818182,65043.8466057875
energy,Low (25th percentile),4.65,4.218787878787879,66106.48591183819
energy,Low (25th percentile),4.65,4.275757575757575,67186.25373812305
energy,Low (25th percentile),4.65,4.332727272727273,68283.42234083413
energy,Low (25th percentile),4.65,4.38969696969697,69398.26824098159
energy,Low (25th percentile),4.65,4.446666666666666,70531.07229018997
energy,Low (25th percentile),4.65,4.503636363636364,71682.11973749338
energy,Low (25th percentile),4.65,4.5606060606060606,72851.7002971457
energy,Low (25th percentile),4.65,4.617575757575758,74040.10821745908
energy,Low (25th percentile),4.65,4.674545454545455,75247.64235068635
energy,Low (25th percentile),4.65,4.7315151515151515,76474.60622396476
energy,Low (25th percentile),4.65,4.788484848484849,77721.30811133442
energy,Low (25th percentile),4.65,4.845454545454546,78988.06110684913
energy,Low (25th percentile),4.65,4.902424242424242,80275.1831987951
energy,Low (25th percentile),4.65,4.95939393939394,81582.99734503444
energy,Low (25th percentile),4.65,5.016363636363637,82911.83154949037
energy,Low (25th percentile),4.65,5.073333333333333,84262.01893979011
energy,Low (25th percentile),4.65,5.130303030303031,85633.89784608406
energy,Low (25th percentile),4.65,5.1872727272727275,87027.81188105766
energy,Low (25th percentile),4.65,5.244242424242424,88444.11002115501
energy,Low (25th percentile),4.65,5.301212121212122,89883.14668903052
energy,Low (25th percentile),4.65,5.358181818181818,91345.28183724766
energy,Low (25th percentile),4.65,5.415151515151515,92830.88103324498
energy,Low (25th percentile),4.65,5.472121212121213,94340.31554558499
energy,Low (25th percentile),4.65,5.529090909090909,95873.96243150755
energy,Low (25th percentile),4.65,5.586060606060606,97432.20462580668
energy,Low (25th percentile),4.65,5.6430303030303035,99015.43103104924
energy,Low (25th percentile),4.65,5.7,100624.03660915684
energy,Medium (Median),6.0,0.06,21450.890731178933
energy,Medium (Median),6.0,0.11696969696969697,21804.953635417194
energy,Medium (Median),6.0,0.17393939393939395,22164.783850657434
energy,Medium (Median),6.0,0.23090909090909092,22530.474042155336
energy,Medium (Median),6.0,0.2878787878787879,22902.11834295299
energy,Medium (Median),6.0,0.3448484848484849,23279.81237678411
energy,Medium (Median),6.0,0.40181818181818185,23663.653281331703
energy,Medium (Median),6.0,0.4587878787878788,24053.7397318425
energy,Medium (Median),6.0,0.5157575757575759,24450.171965104273
energy,Medium (Median),6.0,0.5727272727272728,24853.051803791168
energy,Medium (Median),6.0,0.6296969696969699,25262.482681182923
energy,Medium (Median),6.0,0.6866666666666668,25678.569666262934
energy,Medium (Median),6.0,0.7436363636363637,26101.41948920198
energy,Medium (Median),6.0,0.8006060606060608,26531.140567232316
energy,Medium (Median),6.0,0.8575757575757577,26967.843030918764
energy,Medium (Median),6.0,0.9145454545454546,27411.638750832397
energy,Medium (Median),6.0,0.9715151515151517,27862.641364633288
energy,Medium (Median),6.0,1.0284848484848486,28320.966304567904
energy,Medium (Median),6.0,1.0854545454545457,28786.730825387946
energy,Medium (Median),6.0,1.1424242424242426,29260.054032696702
energy,Medium (Median),6.0,1.1993939393939397,29741.056911729385
energy,Medium (Median),6.0,1.2563636363636366,30229.862356574267
energy,Medium (Median),6.0,1.3133333333333335,30726.595199840434
energy,Medium (Median),6.0,1.3703030303030306,31231.38224278022
energy,Medium (Median),6.0,1.4272727272727275,31744.35228587171
energy,Medium (Median),6.0,1.4842424242424244,32265.636159869533
energy,Medium (Median),6.0,1.5412121212121215,32795.366757329706
energy,Medium (Median),6.0,1.5981818181818184,33333.67906461686
energy,Medium (Median),6.0,1.6551515151515153,33880.71019440053
energy,Medium (Median),6.0,1.7121212121212124,34436.59941864758
energy,Medium (Median),6.0,1.7690909090909093,35001.48820211894
energy,Medium (Median),6.0,1.8260606060606064,35575.520236377364
energy,Medium (Median),6.0,1.8830303030303033,36158.84147431474
energy,Medium (Median),6.0,1.9400000000000002,36751.60016520635
energy,Medium (Median),6.0,1.9969696969696973,37353.94689029977
energy,Medium (Median),6.0,2.053939393939394,37966.034598946775
energy,Medium (Median),6.0,2.1109090909090913,38588.018645286276
energy,Medium (Median),6.0,2.167878787878788,39220.05682548679
energy,Medium (Median),6.0,2.224848484848485,39862.3094155562
energy,Medium (Median),6.0,2.281818181818182,40514.93920972799
energy,Medium (Median),6.0,2.3387878787878793,41178.11155943233
energy,Medium (Median),6.0,2.395757575757576,41851.99441286059
energy,Medium (Median),6.0,2.452727272727273,42536.75835513253
energy,Medium (Median),6.0,2.50969696969697,43232.57664907507
energy,Medium (Median),6.0,2.566666666666667,43939.62527662148
energy,Medium (Median),6.0,2.623636363636364,44658.08298084071
energy,Medium (Median),6.0,2.680606060606061,45388.13130860603
energy,Medium (Median),6.0,2.7375757575757578,46129.954653913046
energy,Medium (Median),6.0,2.794545454545455,46883.74030185543
energy,Medium (Median),6.0,2.851515151515152,47649.678473270396
energy,Medium (Median),6.0,2.9084848484848487,48427.96237006171
energy,Medium (Median),6.0,2.965454545454546,49218.788221211755
energy,Medium (Median),6.0,3.022424242424243,50022.35532949283
energy,Medium (Median),6.0,3.0793939393939396,50838.86611888694
energy,Medium (Median),6.0,3.1363636363636367,51668.526182726695
energy,Medium (Median),6.0,3.193333333333334,52511.544332566125
energy,Medium (Median),6.0,3.2503030303030305,53368.1326477933
energy,Medium (Median),6.0,3.3072727272727276,54238.506525996214
energy,Medium (Median),6.0,3.3642424242424247,55122.884734091385
energy,Medium (Median),6.0,3.421212121212122,56021.489460229306
energy,Medium (Median),6.0,3.4781818181818185,56934.54636648556
energy,Medium (Median),6.0,3.5351515151515156,57862.28464235117
energy,Medium (Median),6.0,3.5921212121212127,58804.93705903328
energy,Medium (Median),6.0,3.6490909090909094,59762.74002457837
energy,Medium (Median),6.0,3.7060606060606065,60735.93363983078
energy,Medium (Median),6.0,3.7630303030303036,61724.7617552378
energy,Medium (Median),6.0,3.8200000000000003,62729.472028515185
energy,Medium (Median),6.0,3.8769696969696974,63750.315983185064
energy,Medium (Median),6.0,3.9339393939393945,64787.549068000124
energy,Medium (Median),6.0,3.990909090909091,65841.43071726545
energy,Medium (Median),6.0,4.047878787878788,66912.22441207414
energy,Medium (Median),6.0,4.1048484848484845,68000.19774246744
energy,Medium (Median),6.0,4.161818181818182,69105.62247053509
energy,Medium (Median),6.0,4.218787878787879,70228.7745944689
energy,Medium (Median),6.0,4.275757575757575,71369.9344135844
energy,Medium (Median),6.0,4.332727272727273,72529.38659432405
energy,Medium (Median),6.0,4.38969696969697,73707.42023725736
energy,Medium (Median),6.0,4.446666666666666,74904.32894509242
energy,Medium (Median),6.0,4.503636363636364,76120.41089171388
energy,Medium (Median),6.0,4.5606060606060606,77355.96889226232
energy,Medium (Median),6.0,4.617575757575758,78611.31047427215
energy,Medium (Median),6.0,4.674545454545455,79886.74794987933
energy,Medium (Median),6.0,4.7315151515151515,81182.5984891213
energy,Medium (Median),6.0,4.788484848484849,82499.18419433924
energy,Medium (Median),6.0,4.845454545454546,83836.83217570304
energy,Medium (Median),6.0,4.902424242424242,85195.87462787305
energy,Medium (Median),6.0,4.95939393939394,86576.64890781739
energy,Medium (Median),6.0,5.016363636363637,87979.49761379977
energy,Medium (Median),6.0,5.073333333333333,89404.76866555892
energy,Medium (Median),6.0,5.130303030303031,90852.81538569144
energy,Medium (Median),6.0,5.1872727272727275,92323.99658226219
energy,Medium (Median),6.0,5.244242424242424,93818.67663265571
energy,Medium (Median),6.0,5.301212121212122,95337.22556868845
energy,Medium (Median),6.0,5.358181818181818,96880.0191630031
energy,Medium (Median),6.0,5.415151515151515,98447.4390167582
energy,Medium (Median),6.0,5.472121212121213,100039.87264863792
energy,Medium (Median),6.0,5.529090909090909,101657.71358519884
energy,Medium (Median),6.0,5.586060606060606,103301.36145257286
energy,Medium (Median),6.0,5.6430303030303035,104971.22206954795
energy,Medium (Median),6.0,5.7,106667.7075420458
energy,High (75th percentile),7.35,0.06,22927.437647709856
energy,High (75th percentile),7.35,0.11696969696969697,23303.93148591025
energy,High (75th percentile),7.35,0.17393939393939395,23686.52575970811
energy,High (75th percentile),7.35,0.23090909090909092,24075.317957101914
energy,High (75th percentile),7.35,0.2878787878787879,24470.407101679655
energy,High (75th percentile),7.35,0.3448484848484849,24871.89377644493
energy,High (75th percentile),7.35,0.40181818181818185,25279.880148007036
energy,High (75th percentile),7.35,0.4587878787878788,25694.469991140417
energy,High (75th percentile),7.35,0.5157575757575759,26115.76871371899
energy,High (75th percentile),7.35,0.5727272727272728,26543.88338203117
energy,High (75th percentile),7.35,0.6296969696969699,26978.922746480894
energy,High (75th percentile),7.35,0.6866666666666668,27420.997267680883
energy,High (75th percentile),7.35,0.7436363636363637,27870.219142943777
energy,High (75th percentile),7.35,0.8006060606060608,28326.702333177127
energy,High (75th percentile),7.35,0.8575757575757577,28790.562590188558
energy,High (75th percentile),7.35,0.9145454545454546,29261.917484406767
energy,High (75th percentile),7.35,0.9715151515151517,29740.886433024785
energy,High (75th percentile),7.35,1.0284848484848486,30227.590728572646
energy,High (75th percentile),7.35,1.0854545454545457,30722.153567923826
energy,High (75th percentile),7.35,1.1424242424242426,31224.700081744802
energy,High (75th percentile),7.35,1.1993939393939397,31735.357364391653
energy,High (75th percentile),7.35,1.2563636363636366,32254.254504262153
energy,High (75th percentile),7.35,1.3133333333333335,32781.52261460945
energy,High (75th percentile),7.35,1.3703030303030306,33317.29486482442
energy,High (75th percentile),7.35,1.4272727272727275,33861.70651219362
energy,High (75th percentile),7.35,1.4842424242424244,34414.894934140204
energy,High (75th percentile),7.35,1.5412121212121215,34976.999660954534
energy,High (75th percentile),7.35,1.5981818181818184,35548.16240902225
energy,High (75th percentile),7.35,1.6551515151515153,36128.527114557015
energy,High (75th percentile),7.35,1.7121212121212124,36718.23996784585
energy,High (75th percentile),7.35,1.7690909090909093,37317.449448013664
energy,High (75th percentile),7.35,1.8260606060606064,37926.306358316375
energy,High (75th percentile),7.35,1.8830303030303033,38544.963861968914
energy,High (75th percentile),7.35,1.9400000000000002,39173.577518517115
energy,High (75th percentile),7.35,1.9969696969696973,39812.30532076105
energy,High (75th percentile),7.35,2.053939393939394,40461.30773223875
energy,High (75th percentile),7.35,2.1109090909090913,41120.74772527717
energy,High (75th percentile),7.35,2.167878787878788,41790.79081962145
energy,High (75th percentile),7.35,2.224848484848485,42471.60512164737
energy,High (75th percentile),7.35,2.281818181818182,43163.36136417017
energy,High (75th percentile),7.35,2.3387878787878793,43866.23294685414
energy,High (75th percentile),7.35,2.395757575757576,44580.39597723567
energy,High (75th percentile),7.35,2.452727272727273,45306.02931236623
energy,High (75th percentile),7.35,2.50969696969697,46043.31460108604
energy,High (75th percentile),7.35,2.566666666666667,46792.436326937124
energy,High (75th percentile),7.35,2.623636363636364,47553.581851725874
energy,High (75th percentile),7.35,2.680606060606061,48326.941459743466
energy,High (75th percentile),7.35,2.7375757575757578,49112.708402655946
energy,High (75th percentile),7.35,2.794545454545455,49911.07894507196
energy,High (75th percentile),7.35,2.851515151515152,50722.2524107994
energy,High (75th percentile),7.35,2.9084848484848487,51546.43122980069
energy,High (75th percentile),7.35,2.965454545454546,52383.82098585762
energy,High (75th percentile),7.35,3.022424242424243,53234.63046495535
energy,High (75th percentile),7.35,3.0793939393939396,54099.07170439714
energy,High (75th percentile),7.35,3.1363636363636367,54977.360042660235
energy,High (75th percentile),7.35,3.193333333333334,55869.71417000389
energy,High (75th percentile),7.35,3.2503030303030305,56776.35617984118
energy,High (75th percentile),7.35,3.3072727272727276,57697.511620884965
energy,High (75th percentile),7.35,3.3642424242424247,58633.40955007994
energy,High (75th percentile),7.35,3.421212121212122,59584.28258633399
energy,High (75th percentile),7.35,3.4781818181818185,60550.36696505654
energy,High (75th percentile),7.35,3.5351515151515156,61531.902593521656
energy,High (75th percentile),7.35,3.5921212121212127,62529.13310706255
energy,High (75th percentile),7.35,3.6490909090909094,63542.305926113586
energy,High (75th percentile),7.35,3.7060606060606065,64571.67231410996
energy,High (75th percentile),7.35,3.7630303030303036,65617.48743626056
energy,High (75th percentile),7.35,3.8200000000000003,66680.01041920281
energy,High (75th percentile),7.35,3.8769696969696974,67759.50441155693
energy,High (75th percentile),7.35,3.9339393939393945,68856.2366453897
energy,High (75th percentile),7.35,3.990909090909091,69970.47849860217
energy,High (75th percentile),7.35,4.047878787878788,71102.50555825686
energy,High (75th percentile),7.35,4.1048484848484845,72252.597684854
energy,High (75th percentile),7.35,4.161818181818182,73421.039077576
energy,High (75th percentile),7.35,4.218787878787879,74608.11834050962
energy,High (75th percentile),7.35,4.275757575757575,75814.12854986468
energy,High (75th percentile),7.35,4.332727272727273,77039.3673222
energy,High (75th percentile),7.35,4.38969696969697,78284.13688367496
energy,High (75th percentile),7.35,4.446666666666666,79548.74414033891
energy,High (75th percentile),7.35,4.503636363636364,80833.50074947515
energy,High (75th percentile),7.35,4.5606060606060606,82138.72319201604
energy,High (75th percentile),7.35,4.617575757575758,83464.73284604243
energy,High (75th percentile),7.35,4.674545454545455,84811.85606138562
energy,High (75th percentile),7.35,4.7315151515151515,86180.42423534695
energy,High (75th percentile),7.35,4.788484848484849,87570.7738895524
energy,High (75th percentile),7.35,4.845454545454546,88983.24674795754
energy,High (75th percentile),7.35,4.902424242424242,90418.18981602119
energy,High (75th percentile),7.35,4.95939393939394,91875.955461064
energy,High (75th percentile),7.35,5.016363636363637,93356.90149383
energy,High (75th percentile),7.35,5.073333333333333,94861.39125126874
energy,High (75th percentile),7.35,5.130303030303031,96389.7936805553
energy,High (75th percentile),7.35,5.1872727272727275,97942.48342436718
energy,High (75th percentile),7.35,5.244242424242424,99519.84090743614
energy,High (75th percentile),7.35,5.301212121212122,101122.25242439451
energy,High (75th percentile),7.35,5.358181818181818,102750.11022893255
energy,High (75th percentile),7.35,5.415151515151515,104403.81262429038
energy,High (75th percentile),7.35,5.472121212121213,106083.7640550988
energy,High (75th percentile),7.35,5.529090909090909,107790.37520059408
energy,High (75th percentile),7.35,5.586060606060606,109524.06306922308
energy,High (75th percentile),7.35,5.6430303030303035,111285.2510946604
energy,High (75th percentile),7.35,5.7,113074.36923325786
instrumentalness,Low (25th percentile),0.71,0.06,22107.00674347685
instrumentalness,Low (25th percentile),0.71,0.11696969696969697,22468.682936459078
instrumentalness,Low (25th percentile),0.71,0.17393939393939395,22836.19717033666
instrumentalness,Low (25th percentile),0.71,0.23090909090909092,23209.64237501446
instrumentalness,Low (25th percentile),0.71,0.2878787878787879,23589.11293829602
instrumentalness,Low (25th percentile),0.71,0.3448484848484849,23974.704728410456
instrumentalness,Low (25th percentile),0.71,0.40181818181818185,24366.5151168816
instrumentalness,Low (25th percentile),0.71,0.4587878787878788,24764.643001745262
instrumentalness,Low (25th percentile),0.71,0.5157575757575759,25169.18883111926
instrumentalness,Low (25th percentile),0.71,0.5727272727272728,25580.254627131493
instrumentalness,Low (25th percentile),0.71,0.6296969696969699,25997.94401021168
instrumentalness,Low (25th percentile),0.71,0.6866666666666668,26422.362223752003
instrumentalness,Low (25th percentile),0.71,0.7436363636363637,26853.616159142202
instrumentalness,Low (25th percentile),0.71,0.8006060606060608,27291.8143811849
instrumentalness,Low (25th percentile),0.71,0.8575757575757577,27737.067153896434
instrumentalness,Low (25th percentile),0.71,0.9145454545454546,28189.48646669909
instrumentalness,Low (25th percentile),0.71,0.9715151515151517,28649.186061011344
instrumentalness,Low (25th percentile),0.71,1.0284848484848486,29116.281457240377
instrumentalness,Low (25th percentile),0.71,1.0854545454545457,29590.889982184573
instrumentalness,Low (25th percentile),0.71,1.1424242424242426,30073.130796851296
instrumentalness,Low (25th percentile),0.71,1.1993939393939397,30563.124924695967
instrumentalness,Low (25th percentile),0.71,1.2563636363636366,31060.995280289215
instrumentalness,Low (25th percentile),0.71,1.3133333333333335,31566.866698418136
instrumentalness,Low (25th percentile),0.71,1.3703030303030306,32080.865963628512
instrumentalness,Low (25th percentile),0.71,1.4272727272727275,32603.121840213655
instrumentalness,Low (25th percentile),0.71,1.4842424242424244,33133.76510265823
instrumentalness,Low (25th percentile),0.71,1.5412121212121215,33672.92856654127
instrumentalness,Low (25th percentile),0.71,1.5981818181818184,34220.74711990838
instrumentalness,Low (25th percentile),0.71,1.6551515151515153,34777.35775511699
instrumentalness,Low (25th percentile),0.71,1.7121212121212124,35342.89960116389
instrumentalness,Low (25th percentile),0.71,1.7690909090909093,35917.513956501476
instrumentalness,Low (25th percentile),0.71,1.8260606060606064,36501.344322349585
instrumentalness,Low (25th percentile),0.71,1.8830303030303033,37094.53643651087
instrumentalness,Low (25th percentile),0.71,1.9400000000000002,37697.23830769692
instrumentalness,Low (25th percentile),0.71,1.9969696969696973,38309.60025037296
instrumentalness,Low (25th percentile),0.71,2.053939393939394,38931.77492012829
instrumentalness,Low (25th percentile),0.71,2.1109090909090913,39563.91734958088
instrumentalness,Low (25th percentile),0.71,2.167878787878788,40206.18498482366
instrumentalness,Low (25th percentile),0.71,2.224848484848485,40858.73772242067
instrumentalness,Low (25th percentile),0.71,2.281818181818182,41521.73794696153
instrumentalness,Low (25th percentile),0.71,2.3387878787878793,42195.35056918143
instrumentalness,Low (25th percentile),0.71,2.395757575757576,42879.74306465677
instrumentalness,Low (25th percentile),0.71,2.452727272727273,43575.08551308327
instrumentalness,Low (25th percentile),0.71,2.50969696969697,44281.550638146146
instrumentalness,Low (25th percentile),0.71,2.566666666666667,44999.31384799114
instrumentalness,Low (25th percentile),0.71,2.623636363636364,45728.5532763047
instrumentalness,Low (25th percentile),0.71,2.680606060606061,46469.44982401247
instrumentalness,Low (25th percentile),0.71,2.7375757575757578,47222.187201606605
instrumentalness,Low (25th percentile),0.71,2.794545454545455,47986.95197210846
instrumentalness,Low (25th percentile),0.71,2.851515151515152,48763.93359467884
instrumentalness,Low (25th percentile),0.71,2.9084848484848487,49553.324468883686
instrumentalness,Low (25th percentile),0.71,2.965454545454546,50355.31997962577
instrumentalness,Low (25th percentile),0.71,3.022424242424243,51170.11854275145
instrumentalness,Low (25th percentile),0.71,3.0793939393939396,51997.92165134314
instrumentalness,Low (25th percentile),0.71,3.1363636363636367,52838.93392270727
instrumentalness,Low (25th percentile),0.71,3.193333333333334,53693.36314606851
instrumentalness,Low (25th percentile),0.71,3.2503030303030305,54561.42033097964
instrumentalness,Low (25th percentile),0.71,3.3072727272727276,55443.31975645879
instrumentalness,Low (25th percentile),0.71,3.3642424242424247,56339.27902086408
instrumentalness,Low (25th percentile),0.71,3.421212121212122,57249.51909251682
instrumentalness,Low (25th percentile),0.71,3.4781818181818185,58174.26436108408
instrumentalness,Low (25th percentile),0.71,3.5351515151515156,59113.74268973244
instrumentalness,Low (25th percentile),0.71,3.5921212121212127,60068.18546806318
instrumentalness,Low (25th percentile),0.71,3.6490909090909094,61037.82766584156
instrumentalness,Low (25th percentile),0.71,3.7060606060606065,62022.90788753111
instrumentalness,Low (25th percentile),0.71,3.7630303030303036,63023.66842764571
instrumentalness,Low (25th percentile),0.71,3.8200000000000003,64040.35532692967
instrumentalness,Low (25th percentile),0.71,3.8769696969696974,65073.21842938077
instrumentalness,Low (25th percentile),0.71,3.9339393939393945,66122.51144012577
instrumentalness,Low (25th percentile),0.71,3.990909090909091,67188.49198416344
instrumentalness,Low (25th percentile),0.71,4.047878787878788,68271.42166598538
instrumentalness,Low (25th percentile),0.71,4.1048484848484845,69371.56613009008
instrumentalness,Low (25th percentile),0.71,4.161818181818182,70489.19512240191
instrumentalness,Low (25th percentile),0.71,4.218787878787879,71624.58255260802
instrumentalness,Low (25th percentile),0.71,4.275757575757575,72778.00655742773
instrumentalness,Low (25th percentile),0.71,4.332727272727273,73949.74956482732
instrumentalness,Low (25th percentile),0.71,4.38969696969697,75140.09835919492
instrumentalness,Low (25th percentile),0.71,4.446666666666666,76349.34414748823
instrumentalness,Low (25th percentile),0.71,4.503636363636364,77577.78262637075
instrumentalness,Low (25th percentile),0.71,4.5606060606060606,78825.71405035039
instrumentalness,Low (25th percentile),0.71,4.617575757575758,80093.44330093505
instrumentalness,Low (25th percentile),0.71,4.674545454545455,81381.27995682036
instrumentalness,Low (25th percentile),0.71,4.7315151515151515,82689.53836512512
instrumentalness,Low (25th percentile),0.71,4.788484848484849,84018.5377136886
instrumentalness,Low (25th percentile),0.71,4.845454545454546,85368.60210444564
instrumentalness,Low (25th percentile),0.71,4.902424242424242,86740.06062789776
instrumentalness,Low (25th percentile),0.71,4.95939393939394,88133.24743869192
instrumentalness,Low (25th percentile),0.71,5.016363636363637,89548.50183232609
instrumentalness,Low (25th percentile),0.71,5.073333333333333,90986.16832299887
instrumentalness,Low (25th percentile),0.71,5.130303030303031,92446.596722617
instrumentalness,Low (25th percentile),0.71,5.1872727272727275,93930.14222098002
instrumentalness,Low (25th percentile),0.71,5.244242424242424,95437.16546715831
instrumentalness,Low (25th percentile),0.71,5.301212121212122,96968.03265208303
instrumentalness,Low (25th percentile),0.71,5.358181818181818,98523.1155923631
instrumentalness,Low (25th percentile),0.71,5.415151515151515,100102.79181535126
instrumentalness,Low (25th percentile),0.71,5.472121212121213,101707.44464547306
instrumentalness,Low (25th percentile),0.71,5.529090909090909,103337.46329184127
instrumentalness,Low (25th percentile),0.71,5.586060606060606,104993.24293717006
instrumentalness,Low (25th percentile),0.71,5.6430303030303035,106675.18482801331
instrumentalness,Low (25th percentile),0.71,5.7,108383.6963663413
instrumentalness,Medium (Median),1.48,0.06,21450.890731178933
instrumentalness,Medium (Median),1.48,0.11696969696969697,21804.953635417194
instrumentalness,Medium (Median),1.48,0.17393939393939395,22164.783850657434
instrumentalness,Medium (Median),1.48,0.23090909090909092,22530.474042155336
instrumentalness,Medium (Median),1.48,0.2878787878787879,22902.11834295299
instrumentalness,Medium (Median),1.48,0.3448484848484849,23279.81237678411
instrumentalness,Medium (Median),1.48,0.40181818181818185,23663.653281331703
instrumentalness,Medium (Median),1.48,0.4587878787878788,24053.7397318425
instrumentalness,Medium (Median),1.48,0.5157575757575759,24450.171965104273
instrumentalness,Medium (Median),1.48,0.5727272727272728,24853.051803791168
instrumentalness,Medium (Median),1.48,0.6296969696969699,25262.482681182923
instrumentalness,Medium (Median),1.48,0.6866666666666668,25678.569666262934
instrumentalness,Medium (Median),1.48,0.7436363636363637,26101.41948920198
instrumentalness,Medium (Median),1.48,0.8006060606060608,26531.140567232316
instrumentalness,Medium (Median),1.48,0.8575757575757577,26967.843030918764
instrumentalness,Medium (Median),1.48,0.9145454545454546,27411.638750832397
instrumentalness,Medium (Median),1.48,0.9715151515151517,27862.641364633288
instrumentalness,Medium (Median),1.48,1.0284848484848486,28320.966304567904
instrumentalness,Medium (Median),1.48,1.0854545454545457,28786.730825387946
instrumentalness,Medium (Median),1.48,1.1424242424242426,29260.054032696702
instrumentalness,Medium (Median),1.48,1.1993939393939397,29741.056911729385
instrumentalness,Medium (Median),1.48,1.2563636363636366,30229.862356574267
instrumentalness,Medium (Median),1.48,1.3133333333333335,30726.595199840434
instrumentalness,Medium (Median),1.48,1.3703030303030306,31231.38224278022
instrumentalness,Medium (Median),1.48,1.4272727272727275,31744.35228587171
instrumentalness,Medium (Median),1.48,1.4842424242424244,32265.636159869533
instrumentalness,Medium (Median),1.48,1.5412121212121215,32795.366757329706
instrumentalness,Medium (Median),1.48,1.5981818181818184,33333.67906461686
instrumentalness,Medium (Median),1.48,1.6551515151515153,33880.71019440053
instrumentalness,Medium (Median),1.48,1.7121212121212124,34436.59941864758
instrumentalness,Medium (Median),1.48,1.7690909090909093,35001.48820211894
instrumentalness,Medium (Median),1.48,1.8260606060606064,35575.520236377364
instrumentalness,Medium (Median),1.48,1.8830303030303033,36158.84147431474
instrumentalness,Medium (Median),1.48,1.9400000000000002,36751.60016520635
instrumentalness,Medium (Median),1.48,1.9969696969696973,37353.94689029977
instrumentalness,Medium (Median),1.48,2.053939393939394,37966.034598946775
instrumentalness,Medium (Median),1.48,2.1109090909090913,38588.018645286276
instrumentalness,Medium (Median),1.48,2.167878787878788,39220.05682548679
instrumentalness,Medium (Median),1.48,2.224848484848485,39862.3094155562
instrumentalness,Medium (Median),1.48,2.281818181818182,40514.93920972799
instrumentalness,Medium (Median),1.48,2.3387878787878793,41178.11155943233
instrumentalness,Medium (Median),1.48,2.395757575757576,41851.99441286059
instrumentalness,Medium (Median),1.48,2.452727272727273,42536.75835513253
instrumentalness,Medium (Median),1.48,2.50969696969697,43232.57664907507
instrumentalness,Medium (Median),1.48,2.566666666666667,43939.62527662148
instrumentalness,Medium (Median),1.48,2.623636363636364,44658.08298084071
instrumentalness,Medium (Median),1.48,2.680606060606061,45388.13130860603
instrumentalness,Medium (Median),1.48,2.7375757575757578,46129.954653913046
instrumentalness,Medium (Median),1.48,2.794545454545455,46883.74030185543
instrumentalness,Medium (Median),1.48,2.851515151515152,47649.678473270396
instrumentalness,Medium (Median),1.48,2.9084848484848487,48427.96237006171
instrumentalness,Medium (Median),1.48,2.965454545454546,49218.788221211755
instrumentalness,Medium (Median),1.48,3.022424242424243,50022.35532949283
instrumentalness,Medium (Median),1.48,3.0793939393939396,50838.86611888694
instrumentalness,Medium (Median),1.48,3.1363636363636367,51668.526182726695
instrumentalness,Medium (Median),1.48,3.193333333333334,52511.544332566125
instrumentalness,Medium (Median),1.48,3.2503030303030305,53368.1326477933
instrumentalness,Medium (Median),1.48,3.3072727272727276,54238.506525996214
instrumentalness,Medium (Median),1.48,3.3642424242424247,55122.884734091385
instrumentalness,Medium (Median),1.48,3.421212121212122,56021.489460229306
instrumentalness,Medium (Median),1.48,3.4781818181818185,56934.54636648556
instrumentalness,Medium (Median),1.48,3.5351515151515156,57862.28464235117
instrumentalness,Medium (Median),1.48,3.5921212121212127,58804.93705903328
instrumentalness,Medium (Median),1.48,3.6490909090909094,59762.74002457837
instrumentalness,Medium (Median),1.48,3.7060606060606065,60735.93363983078
instrumentalness,Medium (Median),1.48,3.7630303030303036,61724.7617552378
instrumentalness,Medium (Median),1.48,3.8200000000000003,62729.472028515185
instrumentalness,Medium (Median),1.48,3.8769696969696974,63750.315983185064
instrumentalness,Medium (Median),1.48,3.9339393939393945,64787.549068000124
instrumentalness,Medium (Median),1.48,3.990909090909091,65841.43071726545
instrumentalness,Medium (Median),1.48,4.047878787878788,66912.22441207414
instrumentalness,Medium (Median),1.48,4.1048484848484845,68000.19774246744
instrumentalness,Medium (Median),1.48,4.161818181818182,69105.62247053509
instrumentalness,Medium (Median),1.48,4.218787878787879,70228.7745944689
instrumentalness,Medium (Median),1.48,4.275757575757575,71369.9344135844
instrumentalness,Medium (Median),1.48,4.332727272727273,72529.38659432405
instrumentalness,Medium (Median),1.48,4.38969696969697,73707.42023725736
instrumentalness,Medium (Median),1.48,4.446666666666666,74904.32894509242
instrumentalness,Medium (Median),1.48,4.503636363636364,76120.41089171388
instrumentalness,Medium (Median),1.48,4.5606060606060606,77355.96889226232
instrumentalness,Medium (Median),1.48,4.617575757575758,78611.31047427215
instrumentalness,Medium (Median),1.48,4.674545454545455,79886.74794987933
instrumentalness,Medium (Median),1.48,4.7315151515151515,81182.5984891213
instrumentalness,Medium (Median),1.48,4.788484848484849,82499.18419433924
instrumentalness,Medium (Median),1.48,4.845454545454546,83836.83217570304
instrumentalness,Medium (Median),1.48,4.902424242424242,85195.87462787305
instrumentalness,Medium (Median),1.48,4.95939393939394,86576.64890781739
instrumentalness,Medium (Median),1.48,5.016363636363637,87979.49761379977
instrumentalness,Medium (Median),1.48,5.073333333333333,89404.76866555892
instrumentalness,Medium (Median),1.48,5.130303030303031,90852.81538569144
instrumentalness,Medium (Median),1.48,5.1872727272727275,92323.99658226219
instrumentalness,Medium (Median),1.48,5.244242424242424,93818.67663265571
instrumentalness,Medium (Median),1.48,5.301212121212122,95337.22556868845
instrumentalness,Medium (Median),1.48,5.358181818181818,96880.0191630031
instrumentalness,Medium (Median),1.48,5.415151515151515,98447.4390167582
instrumentalness,Medium (Median),1.48,5.472121212121213,100039.87264863792
instrumentalness,Medium (Median),1.48,5.529090909090909,101657.71358519884
instrumentalness,Medium (Median),1.48,5.586060606060606,103301.36145257286
instrumentalness,Medium (Median),1.48,5.6430303030303035,104971.22206954795
instrumentalness,Medium (Median),1.48,5.7,106667.7075420458
instrumentalness,High (75th percentile),2.6725,0.06,20472.98352123639
instrumentalness,High (75th percentile),2.6725,0.11696969696969697,20815.519275310682
instrumentalness,High (75th percentile),2.6725,0.17393939393939395,21163.712719404037
instrumentalness,High (75th percentile),2.6725,0.23090909090909092,21517.65606534966
instrumentalness,High (75th percentile),2.6725,0.2878787878787879,21877.443007204998
instrumentalness,High (75th percentile),2.6725,0.3448484848484849,22243.1687447352
instrumentalness,High (75th percentile),2.6725,0.40181818181818185,22614.93000726338
instrumentalness,High (75th percentile),2.6725,0.4587878787878788,22992.825077892554
instrumentalness,High (75th percentile),2.6725,0.5157575757575759,23376.953818105783
instrumentalness,High (75th percentile),2.6725,0.5727272727272728,23767.417692749907
instrumentalness,High (75th percentile),2.6725,0.6296969696969699,24164.319795408584
instrumentalness,High (75th percentile),2.6725,0.6866666666666668,24567.764874170993
instrumentalness,High (75th percentile),2.6725,0.7436363636363637,24977.85935780207
instrumentalness,High (75th percentile),2.6725,0.8006060606060608,25394.711382320405
instrumentalness,High (75th percentile),2.6725,0.8575757575757577,25818.430817990302
instrumentalness,High (75th percentile),2.6725,0.9145454545454546,26249.12929673391
instrumentalness,High (75th percentile),2.6725,0.9715151515151517,26686.920239970263
instrumentalness,High (75th percentile),2.6725,1.0284848484848486,27131.918886887608
instrumentalness,High (75th percentile),2.6725,1.0854545454545457,27584.24232315566
instrumentalness,High (75th percentile),2.6725,1.1424242424242426,28044.009510084496
instrumentalness,High (75th percentile),2.6725,1.1993939393939397,28511.341314237154
instrumentalness,High (75th percentile),2.6725,1.2563636363636366,28986.360537502398
instrumentalness,High (75th percentile),2.6725,1.3133333333333335,29469.191947635205
instrumentalness,High (75th percentile),2.6725,1.3703030303030306,29959.962309271785
instrumentalness,High (75th percentile),2.6725,1.4272727272727275,30458.800415426755
instrumentalness,High (75th percentile),2.6725,1.4842424242424244,30965.837119479318
instrumentalness,High (75th percentile),2.6725,1.5412121212121215,31481.205367656174
instrumentalness,High (75th percentile),2.6725,1.5981818181818184,32005.040232019222
instrumentalness,High (75th percentile),2.6725,1.6551515151515153,32537.478943965056
instrumentalness,High (75th percentile),2.6725,1.7121212121212124,33078.660928244084
instrumentalness,High (75th percentile),2.6725,1.7690909090909093,33628.727837507875
instrumentalness,High (75th percentile),2.6725,1.8260606060606064,34187.82358739266
instrumentalness,High (75th percentile),2.6725,1.8830303030303033,34756.09439214573
instrumentalness,High (75th percentile),2.6725,1.9400000000000002,35333.688800805896
instrumentalness,High (75th percentile),2.6725,1.9969696969696973,35920.757733943195
instrumentalness,High (75th percentile),2.6725,2.053939393939394,36517.45452096889
instrumentalness,High (75th percentile),2.6725,2.1109090909090913,37123.93493802333
instrumentalness,High (75th percentile),2.6725,2.167878787878788,37740.357246450454
instrumentalness,High (75th percentile),2.6725,2.224848484848485,38366.88223186826
instrumentalness,High (75th percentile),2.6725,2.281818181818182,39003.67324384404
instrumentalness,High (75th percentile),2.6725,2.3387878787878793,39650.896236184024
instrumentalness,High (75th percentile),2.6725,2.395757575757576,40308.71980784609
instrumentalness,High (75th percentile),2.6725,2.452727272727273,40977.315244485275
instrumentalness,High (75th percentile),2.6725,2.50969696969697,41656.85656064285
instrumentalness,High (75th percentile),2.6725,2.566666666666667,42347.52054258639
instrumentalness,High (75th percentile),2.6725,2.623636363636364,43049.486791813
instrumentalness,High (75th percentile),2.6725,2.680606060606061,43762.93776922488
instrumentalness,High (75th percentile),2.6725,2.7375757575757578,44488.05883998707
instrumentalness,High (75th percentile),2.6725,2.794545454545455,45225.03831907839
instrumentalness,High (75th percentile),2.6725,2.851515151515152,45974.06751754588
instrumentalness,High (75th percentile),2.6725,2.9084848484848487,46735.340789473295
instrumentalness,High (75th percentile),2.6725,2.965454545454546,47509.055579674976
instrumentalness,High (75th percentile),2.6725,3.022424242424243,48295.41247212527
instrumentalness,High (75th percentile),2.6725,3.0793939393939396,49094.615239135484
instrumentalness,High (75th percentile),2.6725,3.1363636363636367,49906.8708912894
instrumentalness,High (75th percentile),2.6725,3.193333333333334,50732.38972814865
instrumentalness,High (75th percentile),2.6725,3.2503030303030305,51571.385389740404
instrumentalness,High (75th percentile),2.6725,3.3072727272727276,52424.07490883769
instrumentalness,High (75th percentile),2.6725,3.3642424242424247,53290.67876404656
instrumentalness,High (75th percentile),2.6725,3.421212121212122,54171.4209337102
instrumentalness,High (75th percentile),2.6725,3.4781818181818185,55066.52895064367
instrumentalness,High (75th percentile),2.6725,3.5351515151515156,55976.23395771174
instrumentalness,High (75th percentile),2.6725,3.5921212121212127,56900.770764261804
instrumentalness,High (75th percentile),2.6725,3.6490909090909094,57840.37790342581
instrumentalness,High (75th percentile),2.6725,3.7060606060606065,58795.297690303705
instrumentalness,High (75th percentile),2.6725,3.7630303030303036,59765.776281042075
instrumentalness,High (75th percentile),2.6725,3.8200000000000003,60752.06373282129
instrumentalness,High (75th percentile),2.6725,3.8769696969696974,61754.41406476537
instrumentalness,High (75th percentile),2.6725,3.9339393939393945,62773.085319787686
instrumentalness,High (75th percentile),2.6725,3.990909090909091,63808.33962738744
instrumentalness,High (75th percentile),2.6725,4.047878787878788,64860.443267411
instrumentalness,High (75th percentile),2.6725,4.1048484848484845,65929.66673479251
instrumentalness,High (75th percentile),2.6725,4.161818181818182,67016.28480528924
instrumentalness,High (75th percentile),2.6725,4.218787878787879,68120.57660222553
instrumentalness,High (75th percentile),2.6725,4.275757575757575,69242.82566426163
instrumentalness,High (75th percentile),2.6725,4.332727272727273,70383.32001420255
instrumentalness,High (75th percentile),2.6725,4.38969696969697,71542.3522288623
instrumentalness,High (75th percentile),2.6725,4.446666666666666,72720.21951000056
instrumentalness,High (75th percentile),2.6725,4.503636363636364,73917.22375634556
instrumentalness,High (75th percentile),2.6725,4.5606060606060606,75133.67163672311
instrumentalness,High (75th percentile),2.6725,4.617575757575758,76369.87466430482
instrumentalness,High (75th percentile),2.6725,4.674545454545455,77626.14927199545
instrumentalness,High (75th percentile),2.6725,4.7315151515151515,78902.81688897352
instrumentalness,High (75th percentile),2.6725,4.788484848484849,80200.20401840625
instrumentalness,High (75th percentile),2.6725,4.845454545454546,81518.64231635217
instrumentalness,High (75th percentile),2.6725,4.902424242424242,82858.46867187435
instrumentalness,High (75th percentile),2.6725,4.95939393939394,84220.02528837684
instrumentalness,High (75th percentile),2.6725,5.016363636363637,85603.65976618751
instrumentalness,High (75th percentile),2.6725,5.073333333333333,87009.72518640397
instrumentalness,High (75th percentile),2.6725,5.130303030303031,88438.58019602101
instrumentalness,High (75th percentile),2.6725,5.1872727272727275,89890.58909436018
instrumentalness,High (75th percentile),2.6725,5.244242424242424,91366.12192082037
instrumentalness,High (75th percentile),2.6725,5.301212121212122,92865.55454396918
instrumentalness,High (75th percentile),2.6725,5.358181818181818,94389.26875199622
instrumentalness,High (75th percentile),2.6725,5.415151515151515,95937.65234454704
instrumentalness,High (75th percentile),2.6725,5.472121212121213,97511.09922595946
instrumentalness,High (75th percentile),2.6725,5.529090909090909,99110.00949992443
instrumentalness,High (75th percentile),2.6725,5.586060606060606,100734.78956559105
instrumentalness,High (75th percentile),2.6725,5.6430303030303035,102385.85221513701
instrumentalness,High (75th percentile),2.6725,5.7,104063.61673282975
