marketing_budget,predicted_log_streams,predicted_streams_3yr
0.06,9.971113795033604,21398.306523342806
0.11696969696969697,9.987573190664397,21753.440805998645
0.17393939393939395,10.004029108938326,22114.391851104425
0.23090909090909092,10.02048154985539,22481.25363961482
0.2878787878787879,10.03693051341559,22854.121649483695
0.3448484848484849,10.053375999618925,23233.092879157914
0.40181818181818185,10.069818008465397,23618.2658714346
0.4587878787878788,10.086256539955004,24009.740737686414
0.5157575757575759,10.102691594087746,24407.619182461385
0.5727272727272728,10.119123170863624,24812.00452846243
0.6296969696969699,10.135551270282638,25223.001741912536
0.6866666666666668,10.151975892344788,25640.717458311232
0.7436363636363637,10.168397037050074,26065.26000858873
0.8006060606060608,10.184814704398494,26496.73944566337
0.8575757575757577,10.201228894390052,26935.267571408647
0.9145454545454546,10.217639607024743,27380.957964035864
0.9715151515151517,10.234046842302572,27833.926005899317
1.0284848484848486,10.250450600223536,28294.288911729345
1.0854545454545457,10.266850880787635,28762.16575730086
1.1424242424242426,10.283247683994869,29237.67750854323
1.1993939393939397,10.29964100984524,29720.947051098505
1.2563636363636366,10.316030858338747,30212.0992203345
1.3133333333333335,10.33241722947539,30711.26083182013
1.3703030303030306,10.348800123255167,31218.560712269493
1.4272727272727275,10.365179539678081,31734.12973096207
1.4842424242424244,10.38155547874413,32258.100831645912
1.5412121212121215,10.397927940453314,32790.60906493199
1.5981818181818184,10.414296924805635,33331.7916211857
1.6551515151515153,10.43066243180109,33881.78786392457
1.7121212121212124,10.447024461439682,34440.73936372872
1.7690909090909093,10.46338301372141,35008.78993267241
1.8260606060606064,10.479738088646274,35586.08565928414
1.8830303030303033,10.496089686214273,36172.77494404377
1.9400000000000002,10.512437806425407,36769.008535424364
1.9969696969696973,10.528782449279676,37374.939566487126
2.053939393939394,10.545123614777083,37990.723592037866
2.1109090909090913,10.561461302917625,38616.51862635309
2.167878787878788,10.5777955137013,39252.48518148497
2.224848484848485,10.594126247128115,39898.78630615362
2.281818181818182,10.610453503198062,40555.58762523459
2.3387878787878793,10.626777281911146,41223.05737985273
2.395757575757576,10.643097583267366,41901.36646808934
2.452727272727273,10.659414407266722,42590.68848631286
2.50969696969697,10.675727753909214,43291.19977114285
2.566666666666667,10.69203762319484,44003.07944205568
2.623636363636364,10.708344015123602,44726.509444643096
2.680606060606061,10.724646929695501,45461.67459453191
2.7375757575757578,10.740946366910535,46208.762621975664
2.794545454545455,10.757242326768704,46967.964217128465
2.851515151515152,10.77353480927001,47739.473076010974
2.9084848484848487,10.78982381441445,48523.4859471784
2.965454545454546,10.806109342202028,49320.202679102775
3.022424242424243,10.82239139263274,50129.82626827774
3.0793939393939396,10.838669965706588,50952.56290805917
3.1363636363636367,10.854945061423571,51788.62203825096
3.193333333333334,10.87121667978369,52638.21639544805
3.2503030303030305,10.887484820786945,53501.56206414776
3.3072727272727276,10.903749484433336,54378.87852864067
3.3642424242424247,10.920010670722863,55270.38872569373
3.421212121212122,10.936268379655525,56176.319098035936
3.4781818181818185,10.952522611231322,57096.8996486606
3.5351515151515156,10.968773365450255,58032.36399595442
3.5921212121212127,10.985020642312325,58982.94942966684
3.6490909090909094,11.00126444181753,59948.89696773257
3.7060606060606065,11.01750476396587,60930.45141395934
3.7630303030303036,11.033741608757346,61927.86141659363
3.8200000000000003,11.049974976191958,62941.3795277793
3.8769696969696974,11.066204866269706,63971.26226391958
3.9339393939393945,11.082431278990589,65017.77016695875
3.990909090909091,11.098654214354607,66081.16786659558
4.047878787878788,11.11487367236176,67161.72414344306
4.1048484848484845,11.131089653012051,68259.71199314858
4.161818181818182,11.147302156305477,69375.4086914883
4.218787878787879,11.16351118224204,70509.09586045168
4.275757575757575,11.179716730821735,71661.05953532887
4.332727272727273,11.195918802044568,72831.59023281913
4.38969696969697,11.212117395910537,74020.98302017071
4.446666666666666,11.228312512419642,75229.53758537288
4.503636363636364,11.244504151571881,76457.55830841225
4.5606060606060606,11.260692313367256,77705.35433361058
4.617575757575758,11.276876997805768,78973.23964306003
4.674545454545455,11.293058204887416,80261.53313117189
4.7315151515151515,11.309235934612197,81570.55868035607
4.788484848484849,11.325410186980115,82900.64523784831
4.845454545454546,11.34158096199117,84252.12689370038
4.902424242424242,11.357748259645359,85625.34295995277
4.95939393939394,11.373912079942684,87020.63805100753
5.016363636363637,11.390072422883145,88438.36216521636
5.073333333333333,11.406229288466742,89878.87076770568
5.130303030303031,11.422382676693474,91342.52487445447
5.1872727272727275,11.43853258756334,92829.69113764472
5.244242424242424,11.454679021076345,94340.74193230328
5.301212121212122,11.470821977232486,95876.0554442536
5.358181818181818,11.486961456031759,97436.01575939741
5.415151515151515,11.50309745747417,99021.01295434809
5.472121212121213,11.519229981559716,100631.44318843063
5.529090909090909,11.535359028288399,102267.70879707363
5.586060606060606,11.551484597660217,103930.2183866121
5.6430303030303035,11.56760668967517,105619.38693052137
5.7,11.583725304333258,107335.63586710434
