model_id,model_label,term,term_label,term_group,estimate,std_error,p_value,ci_low,ci_high,pct_effect,pct_ci_low,pct_ci_high
N1,(1) Marketing only,Intercept,Constant,control,10.322542461611764,0.015806536270071603,0.0,10.291562219802097,10.353522703421431,,,
N1,(1) Marketing only,marketing_budget,Marketing budget,distribution,0.3669298331703349,0.007968457320996254,0.0,0.35131194380883773,0.38254772253183206,44.32966440123665,42.09305072592908,46.60148346278239
N2,(2) + Genre,Intercept,Constant,control,10.333127418450072,0.025157339133319273,0.0,10.283819939801907,10.382434897098237,,,
N2,(2) + Genre,"C(genre, Treatment(reference='pop'))[T.country]",Genre: Country,genre,-0.019797527059214823,0.040852270622139066,0.6279511398289208,-0.0998665061652911,0.06027145204686145,-1.9602842892185168,-9.504178368458527,6.212482337424907
N2,(2) + Genre,"C(genre, Treatment(reference='pop'))[T.edm]",Genre: EDM,genre,-0.04684897940622762,0.0356141019628951,0.1883548537729831,-0.11665133659523926,0.022953377782784015,-4.576850468374582,-11.010458695629843,2.321883370442568
N2,(2) + Genre,"C(genre, Treatment(reference='pop'))[T.hiphop]",Genre: Hip-hop,genre,0.015921959121392923,0.030678018680296126,0.6037592085726315,-0.044205852609034486,0.07604977085182033,1.6049388924931574,-4.324301372161232,7.901627638007347
N2,(2) + Genre,"C(genre, Treatment(reference='pop'))[T.indie]",Genre: Indie,genre,-0.03236489849634273,0.03750866921813162,0.3882119800599697,-0.10588053927190685,0.04115074227922139,-3.1846760045375566,-10.04678995827122,4.200916854420078
N2,(2) + Genre,"C(genre, Treatment(reference='pop'))[T.latin]",Genre: Latin,genre,0.043787506150176944,0.03500179450696383,0.210931754602244,-0.024814750477744063,0.11238976277809795,4.4760326155562025,-2.4509395540336043,11.894890029544115
N2,(2) + Genre,"C(genre, Treatment(reference='pop'))[T.rnb]",Genre: R&B,genre,-0.037326256487340684,0.03986126233291061,0.34906507730560743,-0.11545289503814854,0.04080038206346717,-3.6638218958945035,-10.903745999491665,4.164415393412457
N2,(2) + Genre,"C(genre, Treatment(reference='pop'))[T.rock]",Genre: Rock,genre,-0.05134157521482793,0.037003054969455315,0.16529069799506124,-0.12386623027291621,0.021183079843260365,-5.004586567868818,-11.650198173292093,2.140903392649829
N2,(2) + Genre,marketing_budget,Marketing budget,distribution,0.3667005042261311,0.007969186227374999,0.0,0.35108118623438345,0.38231982221787875,44.296569226667984,42.06026546106634,46.56807674552048
N3,(3) + Label tier & prior listeners,Intercept,Constant,control,8.213132066939341,0.04630696643352335,0.0,8.12237208049633,8.303892053382352,,,
N3,(3) + Label tier & prior listeners,"C(genre, Treatment(reference='pop'))[T.country]",Genre: Country,genre,-0.020666554841510865,0.03865021063931576,0.5928521821543948,-0.09641957568945657,0.05508646600643484,-2.045446516409266,-9.191707339365474,5.663197347273985
N3,(3) + Label tier & prior listeners,"C(genre, Treatment(reference='pop'))[T.edm]",Genre: EDM,genre,-0.01928187652644761,0.033748882283238926,0.5677734068777845,-0.08542847032007782,0.046864717267182596,-1.9097170211810233,-8.188118654970367,4.798022586056816
N3,(3) + Label tier & prior listeners,"C(genre, Treatment(reference='pop'))[T.hiphop]",Genre: Hip-hop,genre,0.021311784347021592,0.029241502400720567,0.4661119313707235,-0.03600050721223225,0.07862407590627543,2.154050232945326,-3.536019579410943,8.17975718497097
N3,(3) + Label tier & prior listeners,"C(genre, Treatment(reference='pop'))[T.indie]",Genre: Indie,genre,-0.011607024115901941,0.035573688803498975,0.7442116481617873,-0.08133017296799569,0.058116124736191814,-1.1539922479180564,-7.811074172299626,5.983806197998365
N3,(3) + Label tier & prior listeners,"C(genre, Treatment(reference='pop'))[T.latin]",Genre: Latin,genre,0.04162780802812137,0.033466531526604074,0.21354968398309937,-0.023965388451496886,0.10722100450773962,4.250639402374556,-2.3680498897112434,11.318024514790537
N3,(3) + Label tier & prior listeners,"C(genre, Treatment(reference='pop'))[T.rnb]",Genre: R&B,genre,-0.04349025182481947,0.03813727203256289,0.25413599770013584,-0.1182379314772494,0.03125742782761046,-4.255811264328113,-11.151537099684338,3.1751071139733966
N3,(3) + Label tier & prior listeners,"C(genre, Treatment(reference='pop'))[T.rock]",Genre: Rock,genre,-0.054816727941971885,0.0352030174071736,0.11943252043931132,-0.12381337420716873,0.01417991832322496,-5.3341371869008665,-11.645528226941549,1.4280930247283274
N3,(3) + Label tier & prior listeners,marketing_budget,Marketing budget,distribution,0.2859423211374744,0.007774105119943817,3.6644498317833365e-296,0.2707053550903561,0.30117928718459275,33.1015681567687,31.08887667739473,35.14516177745186
N3,(3) + Label tier & prior listeners,indie_label,Label: Indie label,label,0.4916338848072281,0.022333692952971083,2.157109917196085e-107,0.4478606509776287,0.5354071186368274,63.49854166138873,56.496060472817746,70.81435177752596
N3,(3) + Label tier & prior listeners,major,Label: Major label,label,1.1464844609420304,0.022417525736935923,0.0,1.1025469178751361,1.1904220040089246,214.71096523899567,201.18271400681581,228.84686615653175
N3,(3) + Label tier & prior listeners,log_listeners,Artist's prior listeners (log),artist,0.19490825318037258,0.00429385850454382,0.0,0.18649244515675567,0.2033240612039895,,,
N4,(4) + TikTok virality,Intercept,Constant,control,7.444683598467467,0.04424726970528661,0.0,7.357960543430875,7.531406653504059,,,
N4,(4) + TikTok virality,"C(genre, Treatment(reference='pop'))[T.country]",Genre: Country,genre,-0.039200527448632866,0.03623681292149336,0.2793470089003288,-0.11022337568927551,0.03182232079200978,-3.844212893424892,-10.43659499230013,3.233406470981226
N4,(4) + TikTok virality,"C(genre, Treatment(reference='pop'))[T.edm]",Genre: EDM,genre,-0.02534830786446854,0.03131739900054148,0.4182850083218329,-0.08672928199500052,0.03603266626606345,-2.5029736929685464,-8.307470977843312,3.6689710719727264
N4,(4) + TikTok virality,"C(genre, Treatment(reference='pop'))[T.hiphop]",Genre: Hip-hop,genre,0.012960684701743212,0.02715083411273038,0.633106775071782,-0.04025397230942984,0.06617534171291627,1.3045038409038145,-3.94545437766487,6.841403829048764
N4,(4) + TikTok virality,"C(genre, Treatment(reference='pop'))[T.indie]",Genre: Indie,genre,-0.020672810143376935,0.033281291590995306,0.5344982479641183,-0.08590294302070349,0.04455732273394962,-2.046059249794041,-8.2316705533512,4.556490963182158
N4,(4) + TikTok virality,"C(genre, Treatment(reference='pop'))[T.latin]",Genre: Latin,genre,0.03656439223553719,0.031126520312128415,0.24011387445102295,-0.02444246654028895,0.09757125101136332,3.724109214012228,-2.4146168449546646,10.24899922918523
N4,(4) + TikTok virality,"C(genre, Treatment(reference='pop'))[T.rnb]",Genre: R&B,genre,-0.034220225049843275,0.03552460480161652,0.3354058446965271,-0.10384717102603032,0.03540672092634377,-3.3641335183088983,-9.863695871591627,3.604100267563637
N4,(4) + TikTok virality,"C(genre, Treatment(reference='pop'))[T.rock]",Genre: Rock,genre,-0.02886127849249233,0.032994919204737204,0.3817268893373873,-0.09353013180658622,0.03580757482160156,-2.8448769829791942,-8.928942434215548,3.645638699585474
N4,(4) + TikTok virality,marketing_budget,Marketing budget,distribution,0.2832633817875248,0.0071838657780669045,0.0,0.26918326359274386,0.29734349998230575,32.74547431815713,30.889499186656778,34.627766638661605
N4,(4) + TikTok virality,indie_label,Label: Indie label,label,0.4870752089162904,0.02069226619685297,1.627305455849538e-122,0.446519112411943,0.5276313054206379,62.75490109730069,56.286255734355436,69.49128192191489
N4,(4) + TikTok virality,major,Label: Major label,label,1.1490304487195384,0.02095989808114287,0.0,1.1079498033608681,1.1901110940782087,215.513236362816,202.81437358663808,228.7446402925005
N4,(4) + TikTok virality,log_listeners,Artist's prior listeners (log),artist,0.19442487462853425,0.004006068384399699,0.0,0.18657312487550629,0.20227662438156221,,,
N4,(4) + TikTok virality,tiktok_virality,TikTok virality,distribution,0.4368668354568242,0.0052473815566728916,0.0,0.4265821565926056,0.4471515143210428,54.784994460110006,53.20123866901585,56.38512271938794
N5,(5) Full model (+ featured artist & audio),Intercept,Constant,control,7.390052477765659,0.04438118973240158,0.0,7.303066944299113,7.477038011232205,,,
N5,(5) Full model (+ featured artist & audio),"C(genre, Treatment(reference='pop'))[T.country]",Genre: Country,genre,-0.04225801583610127,0.03603216900536275,0.24088171747326204,-0.11287976937147268,0.028363737699270142,-4.137759110138517,-10.674194936306359,2.8769818740869146
N5,(5) Full model (+ featured artist & audio),"C(genre, Treatment(reference='pop'))[T.edm]",Genre: EDM,genre,-0.02195948100768033,0.031243412791879845,0.48214826959851276,-0.08319544483388285,0.03927648281852218,-2.172012683717639,-7.982871308000183,4.005800206921339
N5,(5) Full model (+ featured artist & audio),"C(genre, Treatment(reference='pop'))[T.hiphop]",Genre: Hip-hop,genre,0.010850708908460613,0.02706272230031529,0.6884593741199219,-0.04219125212376632,0.06389266994068754,1.0909791352467169,-4.131358777411354,6.597798114144848
N5,(5) Full model (+ featured artist & audio),"C(genre, Treatment(reference='pop'))[T.indie]",Genre: Indie,genre,-0.021957906511448348,0.03314825449595192,0.5077051866198674,-0.08692729147388203,0.043011478450985345,-2.1718586537989637,-8.325625170321905,4.3949877709342555
N5,(5) Full model (+ featured artist & audio),"C(genre, Treatment(reference='pop'))[T.latin]",Genre: Latin,genre,0.035444985476282595,0.03102504188807609,0.25326130862838137,-0.025362979243193105,0.0962529501957583,3.6080647076804473,-2.504404098272983,10.103753643304314
N5,(5) Full model (+ featured artist & audio),"C(genre, Treatment(reference='pop'))[T.rnb]",Genre: R&B,genre,-0.03198294932691709,0.035479277661306055,0.36734679294291206,-0.10152105574057343,0.03755515708673926,-3.14769040909072,-9.653784392282938,3.826926341030923
N5,(5) Full model (+ featured artist & audio),"C(genre, Treatment(reference='pop'))[T.rock]",Genre: Rock,genre,-0.03262574842934748,0.03292265219517658,0.3216944777885883,-0.09715296100743212,0.03190146414873717,-3.2099269818145593,-9.258280393119222,3.241577032614318
N5,(5) Full model (+ featured artist & audio),marketing_budget,Marketing budget,distribution,0.2829595634295339,0.007164053193344041,0.0,0.26891827718725037,0.2970008496718174,32.70514993207363,30.854819843730596,34.58164429499146
N5,(5) Full model (+ featured artist & audio),featured_artist,Featured artist,artist,0.24208307641065857,0.02048078079645132,3.076402931189193e-32,0.20194148367435444,0.2822246691469627,27.390001946143983,22.37763951180598,32.60766150235317
N5,(5) Full model (+ featured artist & audio),tiktok_virality,TikTok virality,distribution,0.43727176944796975,0.0052431709529566,0.0,0.42699534321538823,0.44754819568055126,54.847684857565994,53.264552450730676,56.44717008817886
N5,(5) Full model (+ featured artist & audio),log_listeners,Artist's prior listeners (log),artist,0.1945393520425147,0.0039923176619643735,0.0,0.1867145532102214,0.20236415087480802,,,
N5,(5) Full model (+ featured artist & audio),indie_label,Label: Indie label,label,0.4867836841526707,0.020606306843296084,2.2346283473443795e-123,0.44639606488542916,0.5271713034199123,62.70746092855832,56.26702628025186,69.41333352270958
N5,(5) Full model (+ featured artist & audio),major,Label: Major label,label,1.148515422365267,0.020893398107527685,0.0,1.1075651145598553,1.1894657301706786,215.35078056906625,202.69790669152496,228.5325488123162
N5,(5) Full model (+ featured artist & audio),z_energy,Energy (+1 SD),audio,0.08135471724686086,0.008568151325855401,2.201816790009605e-21,0.06456144923409515,0.09814798525962656,8.47556098539517,6.669112358333318,10.312601942045863
N5,(5) Full model (+ featured artist & audio),z_valence,Valence (+1 SD),audio,0.004119381288756836,0.008548842680166759,0.6299024150785271,-0.012636042473868878,0.02087480505138255,0.41278776023703223,-1.2556542894825107,2.1094207798115328
N5,(5) Full model (+ featured artist & audio),z_danceability,Danceability (+1 SD),audio,0.05039941603556782,0.008459355413780007,2.5560650952568863e-09,0.033819384092135085,0.06697944797900056,5.169107477711621,3.439776116425919,6.927350221730411
N5,(5) Full model (+ featured artist & audio),z_acousticness,Acousticness (+1 SD),audio,-0.008726441760004401,0.008510833257137222,0.3052058924366521,-0.02540736842241908,0.007954484902410276,-0.8688476880140406,-2.508731751702009,0.7986205869644047
N5,(5) Full model (+ featured artist & audio),z_instrumentalness,Instrumentalness (+1 SD),audio,-0.06324198946984176,0.008568101146953968,1.5699005016073923e-13,-0.08003515913376787,-0.046448819805915656,-6.128371325474347,-7.691610901391488,-4.53865833803333
N5,(5) Full model (+ featured artist & audio),z_tempo_bpm,Tempo (+1 SD),audio,-0.012565289810146013,0.008540683566531872,0.1412295620246467,-0.029304722003901582,0.004174142383609556,-1.2486676168359856,-2.8879502408970525,0.41828662499254765
N5,(5) Full model (+ featured artist & audio),z_song_length_sec,Song length (+1 SD),audio,0.008747842056087356,0.008457647320614006,0.3009905530277339,-0.007828842086257785,0.025324526198432496,0.8786216241893019,-0.779827651839804,2.564791614021522
I_label,Marketing × Label tier,Intercept,Constant,control,8.21988791331632,0.04809082481155181,0.0,8.125631628698853,8.314144197933787,,,
I_label,Marketing × Label tier,"C(label_tier, Treatment(reference='independent'))[T.indie_label]",Label: Indie label,label,0.44893847852026036,0.03460376944929485,1.725271762231352e-38,0.381116336670315,0.5167606203702056,56.664827171468545,46.39179028380494,67.65877393181492
I_label,Marketing × Label tier,"C(label_tier, Treatment(reference='independent'))[T.major]",Label: Major label,label,1.1748241973182902,0.04011078377412773,1.4117798441528823e-188,1.0962085057293263,1.2534398889072542,223.75737196617087,199.27973115017102,250.23700235097473
I_label,Marketing × Label tier,"C(genre, Treatment(reference='pop'))[T.country]",Genre: Country,genre,-0.02096505739549806,0.038650486385236466,0.5875245616957854,-0.09671861869551723,0.05478850390452111,-2.074681837172754,-9.218858864238799,5.6317184088956695
I_label,Marketing × Label tier,"C(genre, Treatment(reference='pop'))[T.edm]",Genre: EDM,genre,-0.019461393562358792,0.03374728420704607,0.5641554511571077,-0.08560485518420645,0.046682068059488865,-1.9273243175809585,-8.204311453062573,4.778883058226602
I_label,Marketing × Label tier,"C(genre, Treatment(reference='pop'))[T.hiphop]",Genre: Hip-hop,genre,0.021059037318815303,0.029242345172664226,0.4714292252850111,-0.03625490604309529,0.0783729806807259,2.1282343629093647,-3.5605567820001793,8.15259717445791
I_label,Marketing × Label tier,"C(genre, Treatment(reference='pop'))[T.indie]",Genre: Indie,genre,-0.011933559920562949,0.03558159316393778,0.737334103021877,-0.08167220103443759,0.0578050811933117,-1.1862637394114417,-7.8425999806848505,5.950845745764277
I_label,Marketing × Label tier,"C(genre, Treatment(reference='pop'))[T.latin]",Genre: Latin,genre,0.04172671450542438,0.033467427390116954,0.2124760346022081,-0.02386823783441419,0.10732166684526295,4.260950975806721,-2.358564424759124,11.329230611353157
I_label,Marketing × Label tier,"C(genre, Treatment(reference='pop'))[T.rnb]",Genre: R&B,genre,-0.043905747166401984,0.03813406515357607,0.24958729086329778,-0.11864714145151496,0.030835647118710993,-4.295584265410868,-11.187887338953828,3.1315990202363864
I_label,Marketing × Label tier,"C(genre, Treatment(reference='pop'))[T.rock]",Genre: Rock,genre,-0.055073493677227615,0.035205140787390066,0.11773318461731123,-0.12407430169117423,0.01392731433671899,-5.358441016440829,-11.668579329498051,1.4024751198152607
I_label,Marketing × Label tier,marketing_budget,Marketing budget,distribution,0.28111237743579387,0.011786399522283872,9.988808531538963e-126,0.2580114588647174,0.30421329600687036,32.46024509984644,29.435365036263605,35.555816039887176
I_label,Marketing × Label tier,"marketing_budget:C(label_tier, Treatment(reference='independent'))[T.indie_label]",Marketing × Indie label,interaction,0.030520499308912874,0.018763576366810242,0.10382586249710216,-0.006255434591202119,0.06729643320902787,3.0991024435656156,-0.6235910092860619,6.961249985014928
I_label,Marketing × Label tier,"marketing_budget:C(label_tier, Treatment(reference='independent'))[T.major]",Marketing × Major label,interaction,-0.012739944255884192,0.018798759210689287,0.4979610783832723,-0.049584835262875805,0.02410494675110742,-1.265913469982971,-4.837557659618408,2.4397819472547155
I_label,Marketing × Label tier,log_listeners,Artist's prior listeners (log),artist,0.1949319150735621,0.004294115913132934,0.0,0.18651560253838123,0.203348227608743,,,
I_genre,Marketing × Genre,Intercept,Constant,control,8.21866545950402,0.052151002699545534,0.0,8.11645137245526,8.320879546552781,,,
I_genre,Marketing × Genre,"C(genre, Treatment(reference='pop'))[T.country]",Genre: Country,genre,-0.025879902271539745,0.06332808825818004,0.6827863442661677,-0.1500006744673465,0.09824086992426702,-2.5547887933304536,-13.929260409417143,10.322848766961945
I_genre,Marketing × Genre,"C(genre, Treatment(reference='pop'))[T.edm]",Genre: EDM,genre,-0.000245867165160063,0.05596575096352506,0.9964947672337059,-0.109936723421407,0.10944498909108688,-0.02458369423056217,-10.410917759093907,11.565869584811805
I_genre,Marketing × Genre,"C(genre, Treatment(reference='pop'))[T.hiphop]",Genre: Hip-hop,genre,-0.010295618074971619,0.04769817599541935,0.8291052152959714,-0.10378232515424649,0.08319108900430325,-1.0242799620822973,-9.857850714855953,8.674945457937211
I_genre,Marketing × Genre,"C(genre, Treatment(reference='pop'))[T.indie]",Genre: Indie,genre,0.03612594120075033,0.058211818738513645,0.5348663840979506,-0.07796712700131025,0.1502190094028109,3.6786412394636425,-7.500516660229939,16.208872321774102
I_genre,Marketing × Genre,"C(genre, Treatment(reference='pop'))[T.latin]",Genre: Latin,genre,0.02637058979361276,0.05488854686894102,0.630915382029831,-0.08120898523325039,0.1339501648204759,2.6721370439608316,-7.799901328217807,14.333583987802356
I_genre,Marketing × Genre,"C(genre, Treatment(reference='pop'))[T.rnb]",Genre: R&B,genre,-0.04357837592509797,0.0632051181104306,0.4905241304904344,-0.16745813106014226,0.08030137920994632,-4.264248263060422,-15.418797019949649,8.361359707767457
I_genre,Marketing × Genre,"C(genre, Treatment(reference='pop'))[T.rock]",Genre: Rock,genre,-0.0908473583038066,0.057780902063098626,0.11588722757231694,-0.204095845341716,0.022401128734102813,-8.684291389172438,-18.461578333689697,2.265391807833539
I_genre,Marketing × Genre,"C(label_tier, Treatment(reference='independent'))[T.indie_label]",Label: Indie label,label,0.4913425351550131,0.02233823862941552,3.1744229904906773e-107,0.4475603919632973,0.5351246783467288,63.45091335671993,56.44907817373581,70.76611373496094
I_genre,Marketing × Genre,"C(label_tier, Treatment(reference='independent'))[T.major]",Label: Major label,label,1.1459505793388662,0.022421186851729422,0.0,1.1020058606188337,1.1898952980588988,214.54299168732484,201.01980099053867,228.67370616168273
I_genre,Marketing × Genre,marketing_budget,Marketing budget,distribution,0.2828494199505718,0.01680897699709363,1.540078365341997e-63,0.24990443041930605,0.3157944094818375,32.690534130116355,28.39027087807333,37.13482904367391
I_genre,Marketing × Genre,"marketing_budget:C(genre, Treatment(reference='pop'))[T.country]",Marketing × Country,interaction,0.0032779952934535103,0.031515352608291254,0.9171593109590882,-0.058490960778877804,0.06504695136578482,0.3283373795321065,-5.681323396512827,6.720913013415464
I_genre,Marketing × Genre,"marketing_budget:C(genre, Treatment(reference='pop'))[T.edm]",Marketing × EDM,interaction,-0.011938777572951156,0.02800873643627578,0.6699242912580001,-0.06683489224052643,0.04295733709462411,-1.1867793137933846,-6.465037793118055,4.389335837702069
I_genre,Marketing × Genre,"marketing_budget:C(genre, Treatment(reference='pop'))[T.hiphop]",Marketing × Hip-hop,interaction,0.019781501496119062,0.023513019889870316,0.40017994155744885,-0.026303170655800706,0.06586617364803883,1.9978451911549344,-2.5960255427100787,6.808376984664011
I_genre,Marketing × Genre,"marketing_budget:C(genre, Treatment(reference='pop'))[T.indie]",Marketing × Indie,interaction,-0.030604297981304818,0.02963373640398652,0.30172001224912426,-0.08868535406047189,0.02747675809786225,-3.014072757233488,-8.486652868997602,2.7857725460966654
I_genre,Marketing × Genre,"marketing_budget:C(genre, Treatment(reference='pop'))[T.latin]",Marketing × Latin,interaction,0.009577283432868303,0.02764620889706985,0.7290248205084473,-0.04460829031445942,0.06376285718019603,0.9623292374769887,-4.362797134189322,6.583961257829007
I_genre,Marketing × Genre,"marketing_budget:C(genre, Treatment(reference='pop'))[T.rnb]",Marketing × R&B,interaction,1.1240036431880984e-05,0.03172996987277254,0.9997173570797497,-0.062178358144743255,0.06220083821760702,0.0011240099601295128,-6.028473402816159,6.417605048837349
I_genre,Marketing × Genre,"marketing_budget:C(genre, Treatment(reference='pop'))[T.rock]",Marketing × Rock,interaction,0.023156821415050523,0.029854375970596283,0.43795023535832756,-0.03535668026823621,0.08167032309833726,2.3427022237155537,-3.4738934726063264,8.50980191021824
I_genre,Marketing × Genre,log_listeners,Artist's prior listeners (log),artist,0.1948675974410887,0.004293831098500914,0.0,0.18645184313232885,0.20328335174984855,,,
