marketing_budget,fit_no_controls,fit_controls,fit_no_controls_streams,fit_controls_streams
0.0,10.322542461611764,10.450772599010984,30410.47686113497,34571.073971596954
0.11171717171717173,10.363534824792207,10.482717266402705,31682.977390310305,35693.263996835085
0.22343434343434346,10.40452718797265,10.514661933794427,33008.72462140833,36851.88073111265
0.3351515151515152,10.445519551153094,10.546606601186149,34389.946617365465,38048.106599065046
0.4468686868686869,10.486511914333539,10.578551268577872,35828.964672516006,39283.162407274816
0.5585858585858586,10.527504277513982,10.610495935969594,37328.19721378039,40558.30859016377
0.6703030303030304,10.568496640694425,10.642440603361315,38890.16386509597,41874.84649632791
0.7820202020202021,10.609489003874868,10.674385270753039,40517.489681919855,43234.119716626694
0.8937373737373738,10.650481367055312,10.706329938144757,42212.90956292119,44637.51545538231
1.0054545454545456,10.691473730235755,10.73827460553648,43979.27284627692,46086.465946090255
1.1171717171717173,10.7324660934162,10.770219272928202,45819.5480982957,47582.44991308156
1.228888888888889,10.773458456596643,10.802163940319923,47736.82810241728,49126.99408063397
1.3406060606060608,10.814450819777086,10.834108607711645,49734.33505697318,50721.67473106775
1.4523232323232325,10.85544318295753,10.866053275103368,51815.425990442345,52368.119313418436
1.5640404040404041,10.896435546137972,10.897997942495092,53983.5984033041,54068.00810432739
1.675757575757576,10.937427909318416,10.929942609886812,56242.49614596941,55823.07592284575
1.7874747474747477,10.97842027249886,10.961887277278535,58595.9155426694,57635.113900902186
1.8991919191919193,11.019412635679304,10.993831944670253,61047.81177159217,59505.97131123856
2.010909090909091,11.060404998859747,11.025776612061977,63602.30551199215,61437.557454684524
2.122626262626263,11.10139736204019,11.057721279453697,66263.68986944089,63431.84360868951
2.2343434343434345,11.142389725220633,11.08966594684542,69036.43759085979,65490.86503910915
2.346060606060606,11.183382088401077,11.121610614237142,71925.20858145946,67616.72307729119
2.457777777777778,11.224374451581522,11.153555281628863,74934.85773621927,69811.58726458738
2.56949494949495,11.265366814761965,11.185499949020587,78070.44309906776,72077.69756647531
2.6812121212121216,11.306359177942408,11.217444616412308,81337.23436347838,74417.36665855163
2.7929292929292933,11.347351541122851,11.24938928380403,84740.72172876404,76832.98228673046
2.904646464646465,11.388343904303294,11.281333951195752,88286.62512695653,79327.00970405355
3.0163636363636366,11.429336267483738,11.313278618587475,91980.90383577661,81901.994186601
3.1280808080808082,11.47032863066418,11.345223285979193,95829.7664938508,84560.56363106826
3.2397979797979803,11.511320993844626,11.377167953370918,99839.6815350064,87305.43123666458
3.351515151515152,11.552313357025069,11.409112620762642,104017.38805917997,90139.39827406114
3.4632323232323237,11.593305720205512,11.44105728815436,108369.9071582114,93065.35694422608
3.5749494949494953,11.634298083385955,11.473001955546085,112904.55371555444,96086.29333005699
3.686666666666667,11.675290446566398,11.504946622937803,117628.94869973708,99205.29044381955
3.7983838383838386,11.716282809746842,11.536891290329526,122551.03197223095,102425.53137351637
3.9101010101010103,11.757275172927287,11.568835957721248,127679.07563125546,105750.30253137827
4.021818181818182,11.79826753610773,11.60078062511297,133021.69791394094,109182.99700781041
4.133535353535354,11.839259899288173,11.632725292504691,138587.87768021817,112727.11803420473
4.245252525252526,11.880252262468616,11.664669959896415,144386.96950277183,116386.28255815804
4.356969696969697,11.92124462564906,11.696614627288136,150428.71938842104,120164.22493474193
4.468686868686869,11.962236988829503,11.72855929467986,156723.28115734787,124064.80073759476
4.580404040404041,12.003229352009948,11.76050396207158,163281.23350770067,128091.99069372
4.692121212121212,12.04422171519039,11.792448629463298,170113.59779424992,132249.90474601326
4.803838383838384,12.085214078370834,11.824393296855023,177231.85655097975,136542.78624765875
4.915555555555556,12.126206441551277,11.856337964246743,184647.9727887385,140975.01629267342
5.027272727272728,12.16719880473172,11.888282631638464,192374.41010038456,145551.1181870316
5.1389898989899,12.208191167912164,11.920227299030193,200424.15360721483,150275.7620649156
5.2507070707070715,12.249183531092608,11.95217196642191,208810.73178187857,155153.7696548108
5.362424242424243,12.290175894273052,11.984116633813631,217548.23918445117,160190.1192003231
5.474141414141415,12.331168257453495,12.016061301205355,226651.360149883,165389.95054070934
5.5858585858585865,12.372160620633938,12.048005968597076,236135.39346662568,170758.57035633604
5.697575757575758,12.413152983814381,12.079950635988798,246016.27808791646,176301.45758440538
5.80929292929293,12.454145346994824,12.111895303380521,256310.619918929,182024.26901047563
5.9210101010101015,12.49513771017527,12.14383997077224,267035.7197248101,187932.84504148402
6.032727272727273,12.536130073355713,12.175784638163965,278209.60220650217,194033.21566617073
6.144444444444445,12.577122436536156,12.207729305555686,289851.0462932235,200331.6066089673
6.2561616161616165,12.618114799716599,12.239673972947406,301979.61670250667,206834.44568365734
6.367878787878788,12.659107162897042,12.271618640339131,314615.6968208427,213548.36935327147
6.479595959595961,12.700099526077485,12.303563307730851,327780.5229601868,220480.22950291514
6.591313131313132,12.74109188925793,12.335507975122573,341496.22004789964,227637.10043245766
6.703030303030304,12.782084252438374,12.367452642514293,355785.8388100998,235026.28607619254
6.814747474747476,12.823076615618817,12.399397309906018,370673.39451092965,242655.327456862
6.926464646464647,12.86406897879926,12.431341977297738,386183.90731282503,250532.01038162998
7.038181818181819,12.905061341979703,12.46328664468946,402343.4443256303,258664.37338788502
7.149898989898991,12.946053705160146,12.495231312081184,419179.1634152219,267060.7159469525
7.261616161616162,12.98704606834059,12.527175979472904,436719.3588452661,275729.60693410644
7.373333333333334,13.028038431521034,12.559120646864626,454993.50882881886,284679.8933735298
7.485050505050506,13.069030794701478,12.591065314256346,474032.32506967697,293920.7094671253
7.596767676767677,13.11002315788192,12.623009981648071,493867.80437675375,303461.4859164178
7.708484848484849,13.151015521062364,12.654954649039789,514533.28243820585,313311.9595470343
7.820202020202021,13.192007884242807,12.686899316431512,536063.4898456968,323482.1832456206
7.931919191919193,13.233000247423252,12.718843983823238,558494.6104629484,333982.5362192879
8.043636363636365,13.273992610603695,12.750788651214956,581864.3422366695,344823.7345881005
8.155353535353536,13.314984973784139,12.78273331860668,606211.9605520762,356016.84232140577
8.267070707070708,13.355977336964582,12.8146779859984,631578.3842394602,367573.2825291383
8.378787878787879,13.396969700145025,12.846622653390122,658006.2443427504,379504.84911966807
8.490505050505051,13.437962063325468,12.878567320781846,685539.9557656358,391823.7188360533
8.602222222222224,13.478954426505913,12.910511988173567,714225.791915661,404542.46368299617
8.713939393939395,13.519946789686356,12.942456655565287,744111.9624717328,417674.0637571874
8.825656565656567,13.5609391528668,12.974401322957013,775248.6944057561,431231.9204941268
8.937373737373738,13.601931516047243,13.00634599034873,807688.3163945379,445229.8703449276
9.04909090909091,13.642923879227686,13.038290657740454,841485.3467638417,459682.19889710576
9.160808080808081,13.683916242408129,13.07023532513218,876696.5851123849,474603.65545369807
9.272525252525254,13.724908605588572,13.102179992523896,913381.2077697648,490009.4680856452
9.384242424242425,13.765900968769015,13.13412465991562,951600.8672487402,505915.3591727949
9.495959595959597,13.80689333194946,13.16606932730734,991419.7958590096,522337.5614493249
9.607676767676768,13.847885695129904,13.198013994699062,1032904.9136566137,539292.8345700623
9.71939393939394,13.888878058310347,13.229958662090784,1076125.9409104032,556798.4822145103
9.831111111111111,13.92987042149079,13.261903329482507,1121155.515274555,574872.3697460995
9.942828282828284,13.970862784671233,13.293847996874229,1168069.3138640807,593532.9424446537
10.054545454545456,14.011855147851678,13.32579266426595,1216946.180438481,612799.2443307003
10.166262626262627,14.052847511032121,13.357737331657672,1267868.2579072814,632690.9376008128
10.2779797979798,14.093839874212565,13.38968199904939,1320921.1263801705,653228.3226938371
10.38969696969697,14.134832237393008,13.421626666441115,1376193.9469937081,674432.3590084857
10.501414141414143,14.175824600573451,13.453571333832837,1433779.6117563497,696324.686293399
10.613131313131314,14.216816963753894,13.485516001224557,1493774.8996636067,718927.6467315813
10.724848484848486,14.257809326934339,13.517460668616282,1556280.6393457144,742264.3077416798
10.836565656565657,14.298801690114782,13.549405336008004,1621401.8785211411,766358.4855193893
10.94828282828283,14.339794053295225,13.581350003399724,1689248.0605407623,791234.7693430558
11.06,14.380786416475669,13.613294670791449,1759933.2083193462,816918.5466682257
