group_type,group,group_label,is_reference,slope,std_error,ci_low,ci_high,p_value,pct_effect,pct_ci_low,pct_ci_high,wald_p
label_tier,independent,Independent,True,0.28111237743579387,0.011786399522283872,0.2580114588647174,0.30421329600687036,9.988808531538963e-126,32.46024509984644,29.435365036263605,35.555816039887176,0.09522622963296126
label_tier,indie_label,Indie label,False,0.31163287674470674,0.014599186928854339,0.28301899616058435,0.34024675732882914,4.2563061005897886e-101,36.565323792488805,32.713037195937055,40.52943144547576,0.09522622963296126
label_tier,major,Major label,False,0.26837243317990966,0.014646714208561354,0.23966540083927834,0.297079465520541,5.419199755259595e-75,30.783413014755045,27.0823862577068,34.59222496107892,0.09522622963296126
genre,pop,Pop,True,0.2828494199505718,0.01680897699709363,0.24990443041930605,0.3157944094818375,1.540078365341997e-63,32.690534130116355,28.39027087807333,37.13482904367391,0.7608411383713962
genre,country,Country,False,0.2861274152440253,0.02673776780027314,0.2337223533284952,0.33853247715955537,1.0041934659513962e-26,33.12620675276632,26.3293694221751,40.28873100089556,0.7608411383713962
genre,edm,EDM,False,0.27091064237762064,0.02251298159635662,0.2267860092641486,0.31503527549109267,2.368141883997914e-33,31.115790319698178,25.45613747020279,37.0307648379673,0.7608411383713962
genre,hiphop,Hip-hop,False,0.30263092144669085,0.0165854154378604,0.27012410451984986,0.33513773837353183,2.1935023590906877e-74,35.34148558535266,31.0127033330835,39.81329485187952,0.7608411383713962
genre,indie,Indie,False,0.25224512196926696,0.02450898648561456,0.2042083911598835,0.3002818527786504,7.661355120191887e-25,28.69114488947291,22.655372977977063,35.0239322653801,0.7608411383713962
genre,latin,Latin,False,0.29242670338344007,0.022074399551166295,0.249161675282807,0.33569173148407316,4.675858278973619e-40,33.967453935414824,28.294943751641078,39.89077191288703,0.7608411383713962
genre,rnb,R&B,False,0.28286065998700366,0.02700222584612494,0.22993726982618218,0.33578405014782514,1.1199516739417042e-25,32.69202558493611,25.852106020837873,39.90368703816565,0.7608411383713962
genre,rock,Rock,False,0.3060062413656223,0.024783984892761513,0.25743052358242496,0.3545819591488197,5.060302518072225e-35,35.79907822384263,29.360193303007808,42.55845771078126,0.7608411383713962
